,의료기관명,도로명주소,위도,경도,latlon,name
0,동남권원자력의학원,부산광역시 기장군 장안읍 좌동길 40,35.32141899,129.2436492,"(35.32141899, 129.2436492)",동남권원자력의학원
1,부산성모병원(재단법인천주교부산교구유지재단),부산광역시 남구 용호로232번길 25-14 (용호동),35.11045733,129.109192,"(35.11045733, 129.109192)",부산성모병원(재단법인천주교부산교구유지재단)
2,좋은문화병원,부산광역시 동구 범일로 119 (범일동),35.14072399,129.0590638,"(35.14072399, 129.0590638)",좋은문화병원
3,재단법인한호기독교선교회일신기독병원,부산광역시 동구 정공단로 27 (좌천동),35.13550455,129.0545971,"(35.13550455, 129.0545971)",재단법인한호기독교선교회일신기독병원
4,의료법인정화의료재단김원묵기념봉생병원,"부산광역시 동구 중앙대로 401 (좌천동, 봉생병원)",35.13085784,129.0505709,"(35.13085784, 129.0505709)",의료법인정화의료재단김원묵기념봉생병원
5,동래봉생병원,부산광역시 동래구 안연로109번길 27 (안락동),35.19694648,129.0961666,"(35.19694648, 129.0961666)",동래봉생병원
6,대동병원,부산광역시 동래구 충렬대로 187 (명륜동),35.20427317,129.0802155,"(35.20427317, 129.0802155)",대동병원
7,의료법인광혜의료재단광혜병원,"부산광역시 동래구 충렬대로 96 (온천동, 광혜병원)",35.20703333,129.0711361,"(35.20703333, 129.0711361)",의료법인광혜의료재단광혜병원
8,의료법인온그룹의료재단온종합병원,"부산광역시 부산진구 가야대로 721, 719, 767 (당감동)",35.15787736,129.0499844,"(35.15787736, 129.0499844)",의료법인온그룹의료재단온종합병원
9,인제대학교부산백병원,"부산광역시 부산진구 복지로 75, 진사로83번길 81, 1층(일부), 3층 (개금동)",35.14645447,129.0205715,"(35.14645447, 129.0205715)",인제대학교부산백병원
10,학교법인)동의병원,"부산광역시 부산진구 양정로 62, 지상2ㆍ3ㆍ10층 각 일부/ 지하1ㆍ지상1ㆍ지상4~지상8층 전층 (양정동)",35.16992218,129.0767444,"(35.16992218, 129.0767444)",학교법인)동의병원
11,학교법인 춘해병원,부산광역시 부산진구 중앙대로 605 지상1층~지상9층 (범천동),35.14703698,129.0585477,"(35.14703698, 129.0585477)",학교법인 춘해병원
12,구포성심병원,부산광역시 북구 낙동대로 1786 (구포동),35.20971003,129.004751,"(35.20971003, 129.004751)",구포성심병원
13,의료법인인당의료재단부민병원,부산광역시 북구 만덕대로 59 (덕천동),35.21191432,129.0112123,"(35.21191432, 129.0112123)",의료법인인당의료재단부민병원
14,의료법인은성의료재단좋은삼선병원,부산광역시 사상구 가야대로 326 (주례동),35.15056774,129.0081979,"(35.15056774, 129.0081979)",의료법인은성의료재단좋은삼선병원
15,한국보훈복지의료공단부산보훈병원,부산광역시 사상구 백양대로 420 (주례동),35.15333437,129.0065651,"(35.15333437, 129.0065651)",한국보훈복지의료공단부산보훈병원
16,고신대학교복음병원,부산광역시 서구 감천로 262 (암남동),35.08029169,129.0157202,"(35.08029169, 129.0157202)",고신대학교복음병원
17,부산대학교병원,부산광역시 서구 구덕로 179 (아미동1가),35.10105418,129.0192221,"(35.10105418, 129.0192221)",부산대학교병원
18,동아대학교병원,부산광역시 서구 대신공원로 26 (동대신동3가),35.12000584,129.0176037,"(35.12000584, 129.0176037)",동아대학교병원
19,삼육부산병원,부산광역시 서구 대티로 170 (서대신동2가),35.11177721,129.0107498,"(35.11177721, 129.0107498)",삼육부산병원
20,의료법인은성의료재단좋은강안병원,부산광역시 수영구 수영로 493 (남천동),35.15015906,129.1107244,"(35.15015906, 129.1107244)",의료법인은성의료재단좋은강안병원
21,비에이치에스한서병원,부산광역시 수영구 수영로 615 (광안동),35.16104606,129.1128811,"(35.16104606, 129.1128811)",비에이치에스한서병원
22,부산광역시의료원,"부산광역시 연제구 월드컵대로 359 (거제동, 1동, 5동일부)",35.18731265,129.0591792,"(35.18731265, 129.0591792)",부산광역시의료원
23,의료법인행도의료재단해동병원,부산광역시 영도구 태종로 133 (봉래동3가),35.09194298,129.0438643,"(35.09194298, 129.0438643)",의료법인행도의료재단해동병원
24,영도병원,부산광역시 영도구 태종로 85 (대교동2가),35.0922712,129.0405372,"(35.0922712, 129.0405372)",영도병원
25,재단법인천주교부산교구유지재단메리놀병원,부산광역시 중구 중구로 121 (대청동4가),35.10758097,129.0324638,"(35.10758097, 129.0324638)",재단법인천주교부산교구유지재단메리놀병원
26,의료법인인당의료재단해운대부민병원,부산광역시 해운대구 해운대로 584 (우동),35.16142041,129.1556561,"(35.16142041, 129.1556561)",의료법인인당의료재단해운대부민병원
27,인제대학교해운대백병원,부산광역시 해운대구 해운대로 875 (좌동),35.17334314,129.1821812,"(35.17334314, 129.1821812)",인제대학교해운대백병원
28,서울대효병원,"서울특별시 금천구 시흥대로 230, 서평빌딩 5,6,7층 (시흥동)",37.45442781,126.9012468,"(37.4544284428997, 126.901248278856)",서울대효병원
29,뉴연세여성병원,서울특별시 금천구 시흥대로 239 (시흥동),37.4552124,126.8999483,"(37.455212941484, 126.899947154118)",뉴연세여성병원
30,희명병원,서울특별시 금천구 시흥대로 244 (시흥동),37.45567063,126.9005625,"(37.4556715356456, 126.900562517447)",희명병원
31,서울특별시어린이병원,서울특별시 서초구 헌릉로 260 (내곡동),37.45611641,127.0694708,"(37.4557172797141, 127.068851404997)",서울특별시어린이병원
32,아카시아병원,서울특별시 금천구 시흥대로114길 5 (독산동),37.46804888,126.8985669,"(37.4680878358447, 126.898548517713)",아카시아병원
33,서울바른세상병원,"서울특별시 금천구 시흥대로 421 (독산동, 건국빌딩)",37.47116202,126.897743,"(37.471161927624, 126.897740718324)",서울바른세상병원
34,새움병원,"서울특별시 금천구 시흥대로139길 8, 새움병원 (독산동)",37.47295344,126.8975853,"(37.4730528935658, 126.897655390325)",새움병원
35,조인트힐병원,서울특별시 관악구 난곡로 215 (신림동),37.47372916,126.9175458,"(37.4737283481113, 126.917547423344)",조인트힐병원
36,대항병원,서울특별시 서초구 남부순환로 2151 (방배동),37.47558604,126.9879644,"(37.4756666208059, 126.987740199474)",대항병원
37,연세사랑병원,서울특별시 서초구 효령로 10 (방배동),37.47670528,126.9866867,"(37.4767069029125, 126.986687944254)",연세사랑병원
38,장튼위튼병원,서울특별시 관악구 남부순환로 1867 (봉천동),37.47983023,126.9573043,"(37.4798286942741, 126.957305110343)",장튼위튼병원
39,참포도나무병원,서울특별시 서초구 바우뫼로35길 32 (양재동),37.47989497,127.0386997,"(37.4799289174276, 127.038680321903)",참포도나무병원
40,연세건우병원,"서울특별시 관악구 남부순환로 1814, 대연빌딩 3,4,8,9층 (봉천동)",37.48103536,126.9515647,"(37.4810358154572, 126.951566124274)",연세건우병원
41,강남힐병원,"서울특별시 관악구 남부순환로 1449, 강남힐병원 (신림동)",37.48158534,126.9117077,"(37.4816513439454, 126.911648078471)",강남힐병원
42,미래드림여성병원,서울특별시 관악구 남부순환로 1785 (봉천동),37.48204326,126.9486334,"(37.4820430751541, 126.948631275056)",미래드림여성병원
43,참튼튼병원,"서울특별시 구로구 시흥대로 547, 금강빌딩 지하1,2~10층(구로동), 디지털로32가길 25, 티타운빌딩 B102,103,205,206,302 (구로동)",37.48213497,126.9003918,"(37.4821357843577, 126.900393590898)",참튼튼병원
44,바른사랑병원,"서울특별시 관악구 신원로 35, 삼모 더 프라임 타워 3,7층 (신림동)",37.48231224,126.9290234,"(37.4823122359729, 126.929023376476)",바른사랑병원
45,심정병원,"서울특별시 관악구 남부순환로 1485, 삼남빌딩 2~6층 (신림동)",37.482259,126.9155493,"(37.4823520999904, 126.915650135223)",심정병원
46,더본병원,서울특별시 동작구 동작대로 67 (사당동),37.48254672,126.9814802,"(37.4825469938281, 126.981480681968)",더본병원
47,척편한병원,"서울특별시 관악구 신림로 318, 4,5층 (신림동, 청암두산위브)",37.48257444,126.9302535,"(37.4825754320038, 126.930252917369)",척편한병원
48,기쁨병원,"서울특별시 서초구 서초중앙로 4, 기쁨병원 (서초동)",37.48271303,127.0180635,"(37.482713030212, 127.018063486739)",기쁨병원
49,의료법인서울효천의료재단 에이치플러스양지병원,"서울특별시 관악구 남부순환로 1636, 양지병원 (신림동)",37.48427507,126.9325392,"(37.4843693309109, 126.932565485407)",의료법인서울효천의료재단 에이치플러스양지병원
50,강남유나이티드병원,"서울특별시 강남구 남부순환로 2609, 하늘빌딩, 7~12층 (도곡동) (도곡동)",37.48491533,127.0350564,"(37.4849629812617, 127.035096207425)",강남유나이티드병원
51,서울21세기병원,서울특별시 서초구 서초중앙로 39 (서초동),37.48527899,127.0157118,"(37.4852789881319, 127.015712528164)",서울21세기병원
52,강남베드로병원,"서울특별시 강남구 남부순환로 2649, 베드로병원 (도곡동)",37.48561218,127.0395873,"(37.4856105587478, 127.039585419907)",강남베드로병원
53,강남고려병원,서울특별시 관악구 관악로 242 (봉천동),37.48561812,126.9567809,"(37.4856188363947, 126.956781703053)",강남고려병원
54,새숨병원,"서울특별시 송파구 정의로8길 4, KDG70타워 2,3,4층 (문정동)",37.48569902,127.1157087,"(37.4856990154607, 127.115708745088)",새숨병원
55,세바른병원,서울특별시 서초구 서초중앙로 47 (서초동),37.48595299,127.0153366,"(37.4859523603823, 127.015341691632)",세바른병원
56,민트병원,"서울특별시 송파구 정의로8길 7, 한스빌딩 1~4층 (문정동)",37.48621427,127.1159227,"(37.4862139140168, 127.115920525549)",민트병원
57,올바로병원,"서울특별시 서초구 명달로 102, 서원빌딩 1-6층 (서초동)",37.48622781,127.0043871,"(37.4862288033541, 127.004386280268)",올바로병원
58,서울퍼스트병원,"서울특별시 관악구 은천로 51 (봉천동, 2,3,4,5,6층)",37.48628534,126.9411996,"(37.4862851623719, 126.941200194149)",서울퍼스트병원
59,서울세계로병원,"서울특별시 송파구 위례서로 248, 지하1층, 5~12층 (거여동)",37.48664275,127.1422629,"(37.4866427532962, 127.142262855079)",서울세계로병원
60,척바른병원,"서울특별시 서초구 방배로 151, 지하1층일부,2~5층 (방배동)",37.48715828,126.9935602,"(37.4871582793878, 126.993560196392)",척바른병원
61,의료법인청해의료재단제일병원,서울특별시 서초구 서초대로 116 (방배동),37.48782798,126.995052,"(37.4878291517951, 126.995052679586)",의료법인청해의료재단제일병원
62,강남제이에스병원,"서울특별시 강남구 도곡로 122, 제이에스빌딩 (도곡동)",37.48992307,127.0337223,"(37.4899230700564, 127.033722299153)",강남제이에스병원
63,삼성서울병원,"서울특별시 강남구 일원로 81 (일원동, 삼성의료원)",37.48851613,127.0866825,"(37.49034450782, 127.089590154403)",삼성서울병원
64,대림성모병원,"서울특별시 영등포구 시흥대로 657 (대림동, 대림성모병원)",37.49068925,126.9071695,"(37.4906897932713, 126.90716733115)",대림성모병원
65,고려대학교의과대학부속구로병원,"서울특별시 구로구 구로동로 148, 고려대부속구로병원 (구로동)",37.49211115,126.8847449,"(37.4911503253664, 126.884511034177)",고려대학교의과대학부속구로병원
66,삼성미래여성병원,"서울특별시 구로구 서해안로 2296, 삼성미래여성병원 (오류동)",37.49129133,126.840389,"(37.4912413885939, 126.84044403086)",삼성미래여성병원
67,예스병원,"서울특별시 구로구 구로동로 147, MEDI FLOWER 147 (구로동)",37.49168813,126.8833995,"(37.4916865049695, 126.883400470712)",예스병원
68,예작병원,"서울특별시 강남구 도곡로 212, 지하2층,지상4~8층 (도곡동)",37.49237963,127.042255,"(37.4923780049221, 127.04225333789)",예작병원
69,서울본브릿지병원,"서울특별시 강남구 도곡로 214, 롤스웰빌딩,지하2층, 지하1층, 지상1층 일부, 지상2~7층  (도곡동)",37.49246165,127.0424176,"(37.4924616496392, 127.042417574623)",서울본브릿지병원
70,연세대학교의과대학강남세브란스병원,"서울특별시 강남구 언주로 211, 강남세브란스병원 (도곡동)",37.49280698,127.0463125,"(37.4928059943729, 127.04631039276)",연세대학교의과대학강남세브란스병원
71,365엠씨(mc)병원,"서울특별시 서초구 서초중앙로 126, 서울365mc병원 지하1층, 2~13층 (서초동)",37.49299182,127.0141168,"(37.4929905549467, 127.014115205707)",365엠씨(mc)병원
72,서울특별시보라매병원,서울특별시 동작구 보라매로5길 20 (신대방동),37.4937184,126.9240488,"(37.493013748157, 126.924332456243)",서울특별시보라매병원
73,참푸른병원,"서울특별시 서초구 방배로 223, 창생빌딩 2~7층 (방배동)",37.49304269,126.9899541,"(37.4930421480977, 126.989952127779)",참푸른병원
74,한림대학교강남성심병원,"서울특별시 영등포구 신길로 1 (대림동, 강남성심병원)",37.49324929,126.9086725,"(37.4932489151953, 126.90877588456)",한림대학교강남성심병원
75,의료법인마리아의료재단마리아병원,"서울특별시 송파구 송이로 152, 마리아 의료재단 새병원 (가락동)",37.49327674,127.12441,"(37.4932775569006, 127.124408101115)",의료법인마리아의료재단마리아병원
76,서울석병원,서울특별시 송파구 송이로 148 (가락동),37.49373846,127.1240263,"(37.4937372920686, 127.124025748272)",서울석병원
77,혜민안과병원,서울특별시 송파구 중대로 122 (가락동),37.49381632,127.1219412,"(37.4938161355984, 127.12194328008)",혜민안과병원
78,명지성모병원,"서울특별시 영등포구 도림로 156, 명지성모병원 (대림동)",37.49385071,126.8992545,"(37.4938500790525, 126.899253678513)",명지성모병원
79,염창환병원,"서울특별시 서초구 서초중앙로 148, 희성빌딩 5,6,9층 (서초동)",37.4949993,127.0137779,"(37.4950009216382, 127.013778147123)",염창환병원
80,경찰병원,"서울특별시 송파구 송이로 123, 국립경찰병원 (가락동)",37.49641321,127.1234879,"(37.4964145655333, 127.123487484921)",경찰병원
81,송파드림재활병원,"서울특별시 송파구 송이로 111, B3-6층 (가락동, 청석빌딩)",37.49682498,127.122069,"(37.4967106752912, 127.122149842507)",송파드림재활병원
82,의료법인다나의료재단구로다나병원,"서울특별시 구로구 개봉로 126, 구로다나병원빌딩 (개봉동)",37.49696044,126.8568299,"(37.4967256249407, 126.85697132267)",의료법인다나의료재단구로다나병원
83,안강병원,"서울특별시 강남구 언주로 327, 지하1층, 2~7층 (역삼동)",37.49708719,127.0449782,"(37.4970871925109, 127.044978178433)",안강병원
84,포그니병원,"서울특별시 구로구 경인로 393-7, 일이삼전자타운 2동 6,7층 (고척동)",37.49744354,126.8630486,"(37.4974421887122, 126.86304887653)",포그니병원
85,하나이비인후과병원,"서울특별시 강남구 역삼로 245, 지하2층일부 1층일부 2~7층 (역삼동)",37.49791876,127.0429729,"(37.4979195675135, 127.042973993719)",하나이비인후과병원
86,재단법인베스티안재단베스티안서울병원,"서울특별시 강남구 도곡로 429 (대치동, 베스티안병원 2층일부 제외)",37.49807127,127.0572671,"(37.4980334610955, 127.057197531679)",재단법인베스티안재단베스티안서울병원
87,뉴스타트병원,"서울특별시 송파구 송이로 76, 뉴스타트병원 (가락동)",37.49911314,127.1194845,"(37.4990977042848, 127.119513008234)",뉴스타트병원
88,재단법인대한스포츠의학재단강남나무병원,"서울특별시 강남구 영동대로 225, 경희한방병원 1층일부,2,3,8층 (대치동)",37.49925872,127.0676314,"(37.4992063148395, 127.067578245689)",재단법인대한스포츠의학재단강남나무병원
89,구로성심병원,"서울특별시 구로구 경인로 427, 구로성심병원 (고척동)",37.49964579,126.8663604,"(37.4996468654605, 126.866358244952)",구로성심병원
90,의료법인춘혜의료재단명지춘혜재활병원,"서울특별시 영등포구 대림로 223 (대림동, 명지춘혜병원)",37.50064598,126.8970288,"(37.5006467013969, 126.897027181092)",의료법인춘혜의료재단명지춘혜재활병원
91,강남더드림병원,"서울특별시 강남구 선릉로 404, 더드림병원 (대치동)",37.50099026,127.0509673,"(37.5009902618151, 127.050967336445)",강남더드림병원
92,강남수병원,서울특별시 송파구 삼전로2길 11 (삼전동),37.50134024,127.0861578,"(37.5013402409902, 127.086157841705)",강남수병원
93,선한목자병원,"서울특별시 강남구 논현로 507 (역삼동, 성지하이츠3차빌딩 2층,3층일부)",37.50172161,127.0360325,"(37.5015784938059, 127.036157208818)",선한목자병원
94,의료법인서울효천의료재단에이치플러스자립병원,"서울특별시 구로구 공원로6가길 4, 고려 수 타워 (구로동)",37.50189172,126.8915986,"(37.5018900991034, 126.891600090782)",의료법인서울효천의료재단에이치플러스자립병원
95,바른걸음병원,"서울특별시 송파구 백제고분로 252, SH타워 2~8층 (삼전동)",37.50234558,127.0942968,"(37.5023455834177, 127.094296838722)",바른걸음병원
96,학교법인가톨릭학원가톨릭대학교서울성모병원,서울특별시 서초구 반포대로 222 (반포동),37.5018008,127.0047273,"(37.5023936158073, 127.005860604348)",학교법인가톨릭학원가톨릭대학교서울성모병원
97,의료법인성석의료재단동작경희병원,서울특별시 동작구 상도로 146 (상도동),37.50248267,126.935867,"(37.5024809580252, 126.935865209568)",의료법인성석의료재단동작경희병원
98,자이비뇨의학과병원,"서울특별시 서초구 서운로 220, 대지스포츠프라자 4층 (서초동)",37.50271125,127.0217619,"(37.5027112533189, 127.021761944037)",자이비뇨의학과병원
99,올림픽병원,"서울특별시 송파구 백제고분로 283, 어깨동무빌딩 (석촌동)",37.50274775,127.097998,"(37.5027492839918, 127.097999017192)",올림픽병원
100,염창환병원,"서울특별시 송파구 오금로 296, 재정빌딩 지하1층~지상5층 (가락동)",37.50350322,127.1253766,"(37.5035032192179, 127.125376646475)",염창환병원
101,서울병원,서울특별시 송파구 오금로 290 (가락동),37.50390469,127.1247081,"(37.5039052343651, 127.124708246107)",서울병원
102,누네안과병원,"서울특별시 강남구 테헤란로 408, 대치빌딩 지상9층~지상17층 (대치동)",37.50446821,127.050387,"(37.5044682122431, 127.050387028274)",누네안과병원
103,강남초이스정형외과병원,"서울특별시 강남구 테헤란로 337 (역삼동, 4~9층)",37.50479672,127.0484552,"(37.5047949131565, 127.048457476412)",강남초이스정형외과병원
104,정동병원,서울특별시 동작구 양녕로 283 (상도1동),37.50495081,126.9494411,"(37.5049498152225, 126.949438704753)",정동병원
105,중앙대학교병원,서울특별시 동작구 흑석로 102 (흑석동),37.50707428,126.9607938,"(37.506038005044, 126.960421779226)",중앙대학교병원
106,한솔병원,"서울특별시 송파구 송파대로 445, 한솔병원 (석촌동)",37.50607824,127.1059147,"(37.5060777045103, 127.105912362918)",한솔병원
107,연세사랑모아여성병원,서울특별시 구로구 중앙로 100 (고척동),37.50649346,126.8605014,"(37.5063537038109, 126.860612503872)",연세사랑모아여성병원
108,고도일병원,"서울특별시 서초구 강남대로 505 (반포동, 고도일 병원)",37.50701374,127.0227015,"(37.50701445806, 127.0227028296)",고도일병원
109,차의과학대학교강남차병원,"서울특별시 강남구 논현로 566, 강남차병원(역삼동650-9, 606-4, 605외2필지(지하7층~지하1층, 지상2층~7층)) (역삼동)",37.50680003,127.0346687,"(37.5070324421316, 127.034714418284)",차의과학대학교강남차병원
110,청화병원,서울특별시 동작구 장승배기로 108 (노량진동),37.50702303,126.9402082,"(37.5071417203086, 126.940241260736)",청화병원
111,김정수여러분병원,"서울특별시 강남구 봉은사로 171 (논현동, 지하1층일부,1-5층,6층일부)",37.50722046,127.0325775,"(37.5072207305514, 127.032576001066)",김정수여러분병원
112,빠른병원,"서울특별시 송파구 백제고분로 405, 유니온테크송파빌딩 (송파동)",37.50746595,127.1096852,"(37.5074665831574, 127.109686124752)",빠른병원
113,강남힘찬병원,"서울특별시 송파구 백제고분로 407 (송파동, 지하 2층~7층)",37.50759191,127.1098845,"(37.5075933501505, 127.109884689423)",강남힘찬병원
114,광혜병원,"서울특별시 강남구 영동대로86길 9 (대치동, 지하1~2층,2~7층)",37.50813703,127.0647712,"(37.508136490079, 127.064771981255)",광혜병원
115,케이에스병원,"서울특별시 강남구 선릉로 571 (역삼동, KS병원)",37.50931792,127.043943,"(37.5093181916322, 127.04394417081)",케이에스병원
116,서재곤링커병원,"서울특별시 송파구 백제고분로 436 (송파동, 서재곤링커병원)",37.50948195,127.1120905,"(37.5094801421052, 127.11209162338)",서재곤링커병원
117,비에비스나무병원,"서울특별시 강남구 논현로 627, 유현빌딩 지하2,1~9,12층 (논현동)",37.50955953,127.0323568,"(37.5095608802296, 127.032357709285)",비에비스나무병원
118,선수촌병원,서울특별시 송파구 올림픽로 76 (잠실동),37.51155928,127.0791795,"(37.5115603565131, 127.079181383259)",선수촌병원
119,서울특별시서남병원,서울특별시 양천구 신정이펜1로 20 (신정동),37.51201936,126.8331299,"(37.5120203521684, 126.833131511699)",서울특별시서남병원
120,성애의료재단성애병원,"서울특별시 영등포구 여의대방로53길 22 (신길동, 성애병원)",37.51205045,126.9223673,"(37.5120505408562, 126.922369145801)",성애의료재단성애병원
121,새로운병원,"서울특별시 강남구 학동로 121, 새로운병원빌딩 지하1층일부~7층 (논현동)",37.51226051,127.0243099,"(37.5122605080308, 127.024309875094)",새로운병원
122,강남지인병원,"서울특별시 강남구 언주로 631, 강남웨딩홀 지하2,2~6층 (논현동)",37.51279157,127.0350276,"(37.5127908498374, 127.035028360898)",강남지인병원
123,어울림병원,"서울특별시 영등포구 영등포로 386 (신길동, 동인빌딩)",37.51330372,126.9209635,"(37.513304886166, 126.920961667237)",어울림병원
124,(의)가산의료재단광동병원,서울특별시 강남구 봉은사로 612 (삼성동),37.51428104,127.0621468,"(37.5142810376461, 127.062146778337)",(의)가산의료재단광동병원
125,담소유병원,"서울특별시 강남구 학동로 234, 담소유빌딩 (논현동)",37.5148604,127.0346123,"(37.5148604879121, 127.03461432013)",담소유병원
126,메드렉스병원,"서울특별시 강남구 논현로 705, 메드렉스병원 (논현동)",37.51489771,127.0299747,"(37.5148984268352, 127.029976515577)",메드렉스병원
127,미래본병원,"서울특별시 송파구 송파대로 562, 2,3,8층 (신천동, 한빛프라자,삼성웰리스아파트)",37.51532452,127.099503,"(37.5153235254771, 127.099502662936)",미래본병원
128,강남와이케이병원,"서울특별시 강남구 학동로 233, 디와이빌딩 3층일부,4~6층 (논현동)",37.51549792,127.0346989,"(37.5154979232616, 127.034698883723)",강남와이케이병원
129,신세계서울병원,"서울특별시 영등포구 경인로 841, 서울영등포동4가우체국 (영등포동4가)",37.51653019,126.9060431,"(37.5165301858178, 126.90604309721)",신세계서울병원
130,금강아산병원(재단법인아산사회복지재단),서울특별시 용산구 이촌로 318 (이촌동),37.51761755,126.9819195,"(37.5176798435221, 126.98273008257)",금강아산병원(재단법인아산사회복지재단)
131,아이디병원,"서울특별시 강남구 도산대로 142, 아이디병원 B1층,1,2,3층 (논현동)",37.51768133,127.0241888,"(37.5176799808097, 127.024188449416)",아이디병원
132,마디병원,"서울특별시 강남구 삼성로 646, 마디빌딩, 지하1층~3층, 지상1층~9층 (삼성동)",37.51768714,127.0511693,"(37.5176900181182, 127.05118411143)",마디병원
133,라온휴병원,"서울특별시 양천구 신월로 164, 8층 9층 (신월동, 승일뷰티타워)",37.51776196,126.8420171,"(37.517760427962, 126.842018042503)",라온휴병원
134,가톨릭대학교여의도성모병원,"서울특별시 영등포구 63로 10, 여의도성모병원 (여의도동)",37.51827234,126.9367313,"(37.5182708055078, 126.936729826762)",가톨릭대학교여의도성모병원
135,씨엠병원,"서울특별시 영등포구 영등포로36길 13 (영등포동4가, 충무병원)",37.51884833,126.9036798,"(37.5188159086795, 126.903875945195)",씨엠병원
136,우리들병원,"서울특별시 강남구 학동로 445, 우리들병원 (청담동)",37.51909337,127.0496092,"(37.51909256106, 127.049609103629)",우리들병원
137,강남을지대학교병원,"서울특별시 강남구 도산대로 202, 강남을지병원 B2~9층 (논현동)",37.51940666,127.0286281,"(37.5194081037449, 127.028627227383)",강남을지대학교병원
138,건양의료재단김안과병원,서울특별시 영등포구 영신로 136 (영등포동4가),37.51973665,126.9014821,"(37.519736114287, 126.90148410024)",건양의료재단김안과병원
139,덕수의료재단 서울브레인병원,서울특별시 영등포구 영신로34길 5 (영등포동4가),37.52006129,126.9018165,"(37.5200612927296, 126.901816584428)",덕수의료재단 서울브레인병원
140,나누리병원,"서울특별시 강남구 언주로 731, 나누리병원 (논현동)",37.52030625,127.0339813,"(37.5203066071262, 127.033979290041)",나누리병원
141,청담병원,"서울특별시 강남구 삼성로147길 46 (청담동, 청담병원 지하1층, 1층일부, 2층~6층)",37.52072039,127.0456194,"(37.5207193079382, 127.045620972984)",청담병원
142,튼튼병원,"서울특별시 강남구 영동대로 713, B1~6층, 7층일부,8층 (청담동)",37.5213071,127.0557509,"(37.5213073708446, 127.055749348567)",튼튼병원
143,새길병원,서울특별시 영등포구 영중로 59 (영등포동6가),37.52168185,126.9046877,"(37.5216804041338, 126.904688334686)",새길병원
144,한강수병원,"서울특별시 영등포구 영등포로 83, 한강수병원 (양평동1가)",37.52240514,126.8909128,"(37.5224047841717, 126.890913736375)",한강수병원
145,제일정형외과병원,"서울특별시 강남구 영동대로 726, 경일빌딩1~12층, 14층, 지하1~2층, 지하4~5층 (청담동)",37.5226712,127.0561555,"(37.522820779835, 127.05614063947)",제일정형외과병원
146,목동제일여성병원,서울특별시 양천구 중앙로 300 (신정동),37.5230546,126.8518704,"(37.5230563143626, 126.851872560398)",목동제일여성병원
147,한림대학교한강성심병원,"서울특별시 영등포구 버드나루로7길 12 (영등포동7가, 한강성심병원)",37.52346675,126.91033,"(37.5231765760718, 126.909691853641)",한림대학교한강성심병원
148,미병원,"서울특별시 강남구 논현로168길 35, 목산빌딩, 지하2층, 3~5층 (신사동)",37.52346412,127.0312089,"(37.5234638548834, 127.031207688172)",미병원
149,미병원,"서울특별시 강남구 논현로168길 35, 목산빌딩, 지하2층, 3~5층 (신사동)",37.52346385,127.0312077,"(37.5234638548834, 127.031207688172)",미병원
150,힘찬병원,"서울특별시 양천구 신목로 120 (목동, 힘찬병원)",37.52498259,126.8768451,"(37.5249809740677, 126.876846570165)",힘찬병원
151,재단법인아산사회복지재단서울아산병원,"서울특별시 송파구 올림픽로43길 88, 서울아산병원 (풍납동)",37.52656397,127.1082383,"(37.525171129004, 127.109380463701)",재단법인아산사회복지재단서울아산병원
152,의료법인인봉의료재단영등포병원,서울특별시 영등포구 당산로31길 10 (당산동3가),37.52685674,126.8956126,"(37.526858089517, 126.89561402986)",의료법인인봉의료재단영등포병원
153,더셀채원병원,"서울특별시 강동구 성내로 66, 채원자연통합병원빌딩 (성내동)",37.52767424,127.1270691,"(37.5276730709425, 127.127071180817)",더셀채원병원
154,한국보훈복지의료공단중앙보훈병원,서울특별시 강동구 진황도로61길 53 (둔촌동),37.5282209,127.1467189,"(37.5284637471127, 127.147925555901)",한국보훈복지의료공단중앙보훈병원
155,홍익병원,"서울특별시 양천구 목동로 225, 홍익병원본관 (신정동)",37.52844147,126.863664,"(37.5284817220954, 126.863640511323)",홍익병원
156,토마스병원,"서울특별시 강남구 언주로174길 15, 구정빌딩 (신사동)",37.52851221,127.035234,"(37.5285132897442, 127.035233806887)",토마스병원
157,호산여성병원,"서울특별시 강남구 언주로 871, 호산병원 (신사동)",37.52856681,127.0333561,"(37.5285677154605, 127.033354132164)",호산여성병원
158,윤호병원,"서울특별시 강남구 압구정로 304, 윤호병원 (지하1층,지하2층,1층~4층,7층)  (신사동)",37.52884402,127.0344151,"(37.5288443792735, 127.034414086692)",윤호병원
159,청병원,"서울특별시 강동구 올림픽로 546, G.M.F.빌딩 (성내동)",37.53024665,127.121023,"(37.530247187452, 127.121022361639)",청병원
160,강서필병원,서울특별시 강서구 강서로17길 24 (화곡동),37.53299193,126.8443157,"(37.5330456397929, 126.844183878364)",강서필병원
161,의료법인정애의료재단서울초이스병원,"서울특별시 송파구 올림픽로 579 (풍납동, 서울초이스병원)",37.53373873,127.1212097,"(37.5337963488637, 127.121169295968)",의료법인정애의료재단서울초이스병원
162,공안과병원,서울특별시 강동구 풍성로37길 45 (성내동),37.53391861,127.126036,"(37.5339148820044, 127.126027072458)",공안과병원
163,서울양병원,서울특별시 강동구 천호대로 1159 (길동),37.5340674,127.1401229,"(37.5340665832454, 127.140123786539)",서울양병원
164,달려라병원,서울특별시 강동구 천호대로 1165 (길동),37.53405518,127.1407744,"(37.5340814833231, 127.140928473037)",달려라병원
165,고은빛여성병원,서울특별시 강동구 천호대로 1151 (길동),37.53415482,127.1393356,"(37.5341560838916, 127.139335813162)",고은빛여성병원
166,순천향대학교 부속 서울병원,서울특별시 용산구 대사관로 59 (한남동),37.53384172,127.004418,"(37.5342808357653, 127.003878033451)",순천향대학교 부속 서울병원
167,조은마디병원,서울특별시 강동구 천호대로170길 19 (성내동),37.53436371,127.1332128,"(37.5343626326079, 127.133211287427)",조은마디병원
168,남기세병원,서울특별시 강동구 천호대로 1133 (길동),37.53479406,127.137635,"(37.5346886394768, 127.137512843471)",남기세병원
169,혜민병원,서울특별시 광진구 자양로 85 (자양동),37.53531566,127.0836013,"(37.5354377087993, 127.083398686427)",혜민병원
170,성심의료재단강동성심병원,서울특별시 강동구 성안로 150 (길동),37.53598408,127.1352635,"(37.5361555499193, 127.135335702535)",성심의료재단강동성심병원
171,위드힘병원,"서울특별시 강동구 양재대로 1461, SC MEDI TOWER 2,4,5층 (길동)",37.53639013,127.139096,"(37.536390125858, 127.139096030275)",위드힘병원
172,리더스병원,서울특별시 강동구 천호대로 1044 (성내동),37.53694663,127.1277275,"(37.536946811626, 127.127728449459)",리더스병원
173,이화여자대학교의과대학부속목동병원,서울특별시 양천구 안양천로 1071 (목동),37.53654283,126.886216,"(37.5369818505985, 126.886743916495)",이화여자대학교의과대학부속목동병원
174,메디힐병원,"서울특별시 양천구 남부순환로 331 (신월동, 메디힐병원)",37.53726143,126.8278418,"(37.5372613394638, 126.827841386792)",메디힐병원
175,의료법인 나누리병원,서울특별시 강서구 가로공원로 187  (화곡동),37.5373569,126.8366987,"(37.5373562703511, 126.836698115356)",의료법인 나누리병원
176,강동미즈여성병원,서울특별시 강동구 천호대로 1043 (천호동),37.53758694,127.1280861,"(37.5376220633826, 127.128105133924)",강동미즈여성병원
177,허리나은병원,서울특별시 강동구 천호대로 1012 (성내동),37.53809652,127.1241541,"(37.5380977789536, 127.124151797401)",허리나은병원
178,연세한강병원,"서울특별시 마포구 마포대로 25, 대농빌딩 2,3,5층 (마포동)",37.53937786,126.944833,"(37.5393787588818, 126.94483360828)",연세한강병원
179,서울프라임병원,"서울특별시 광진구 동일로 92-1, B1~2, 2~7층 (자양동)",37.54082603,127.063591,"(37.5408266646495, 127.063590210516)",서울프라임병원
180,건국대학교병원,서울특별시 광진구 능동로 120-1 (화양동),37.54084479,127.0721229,"(37.5412356316656, 127.07205578747)",건국대학교병원
181,올바른서울병원,"서울특별시 강동구 양재대로 1525, 명품빌딩 (천호동)",37.54209931,127.1412966,"(37.542099851435, 127.141295131037)",올바른서울병원
182,더와이즈황병원,서울특별시 강서구 화곡로 188  (화곡동),37.54224964,126.8423683,"(37.542249643073, 126.842368303971)",더와이즈황병원
183,서울연세병원,"서울특별시 마포구 토정로 271, 대현빌딩 지하1층,지상2~6층 (용강동)",37.54246248,126.9403106,"(37.5424624834344, 126.940310619041)",서울연세병원
184,유광사여성병원,서울특별시 강서구 강서로 194 (화곡동),37.54359121,126.8388803,"(37.5435916590617, 126.838880973474)",유광사여성병원
185,연세바로척병원,서울특별시 성동구 동일로 133 (성수동2가),37.54440048,127.0649067,"(37.5444022833818, 127.064910617121)",연세바로척병원
186,실로암안과병원,"서울특별시 강서구 등촌로 181 (등촌동, 실로암안과병원)",37.54601743,126.8622401,"(37.5460169755054, 126.86223980574)",실로암안과병원
187,제니스병원,서울특별시 광진구 자양로 215 (구의동),37.54651304,127.0864451,"(37.5465132167877, 127.08644676217)",제니스병원
188,사랑플러스병원,서울특별시 강동구 양재대로 1580 (명일동),37.54668441,127.1436047,"(37.5466848586676, 127.143605912129)",사랑플러스병원
189,강동연세병원,서울특별시 강동구 올림픽로 734 (천호동),37.54676105,127.1266263,"(37.5467610506714, 127.126626265578)",강동연세병원
190,포미즈여성병원,"서울특별시 양천구 공항대로 610 (목동, 정종일산부인과)",37.54678924,126.8723598,"(37.546789059764, 126.87235841377)",포미즈여성병원
191,핑크힐병원,서울특별시 강서구 양천로 712 (염창동),37.54931105,126.8748089,"(37.5493118670926, 126.874810563039)",핑크힐병원
192,학교법인대진교육재단제인병원,서울특별시 성동구 광나루로 243 (송정동),37.549461,127.0569443,"(37.5494612677553, 127.056943711312)",학교법인대진교육재단제인병원
193,서울대효병원,"서울특별시 강서구 강서로47가길 33, 덕산빌딩 2,3,4,5,6층 (내발산동)",37.55110844,126.8357633,"(37.5511102446913, 126.835762212279)",서울대효병원
194,서울송도병원,"서울특별시 중구 다산로 78 (신당동, 송도병원)",37.55116831,127.0083834,"(37.5511665956999, 127.008381705394)",서울송도병원
195,강동경희대학교의대병원,서울특별시 강동구 동남로 892 (상일동),37.55204593,127.1570848,"(37.5520459324005, 127.157084787845)",강동경희대학교의대병원
196,미즈메디병원,서울특별시 강서구 강서로 295 (내발산동),37.55225379,126.8360254,"(37.5521827438563, 126.835857296727)",미즈메디병원
197,세솟는정형외과병원,"서울특별시 마포구 백범로 26, 세솟는병원 (신수동)",37.55239162,126.9370963,"(37.5523725217444, 126.937096194761)",세솟는정형외과병원
198,신촌연세병원,"서울특별시 마포구 서강로 110, 지2층~6층 (신수동)",37.55257735,126.9337294,"(37.5525892651719, 126.933734666413)",신촌연세병원
199,서울스타병원,"서울특별시 강서구 강서로 307, 서울스타병원빌딩 3,4,5,6,7,층 8,9호 (내발산동)",37.55323184,126.8362295,"(37.5532303968282, 126.836227554297)",서울스타병원
200,소화병원(의료법인소화병원),"서울특별시 용산구 청파로 383 (서계동, 소화아동병원)",37.55377014,126.9686743,"(37.5537686940882, 126.968672506577)",소화병원(의료법인소화병원)
201,바른본병원,서울특별시 광진구 천호대로 630 (능동),37.55351843,127.0771551,"(37.5537986062705, 127.087170869081)",바른본병원
202,서울고든병원,"서울특별시 강서구 양천로 600, 파인블루빌딩 지하1층,2,7,8층 ,9,10호 (등촌동)",37.55547711,126.8646718,"(37.5554767520191, 126.864673727749)",서울고든병원
203,반도정형외과병원,서울특별시 중구 동호로 202 (신당동),37.55599392,127.0101087,"(37.5559931963298, 127.010110415753)",반도정형외과병원
204,연세무척나은병원,서울특별시 광진구 천호대로 568 (능동),37.55626216,127.0808972,"(37.5562630639109, 127.080898323538)",연세무척나은병원
205,부민병원,"서울특별시 강서구 공항대로 389, 부민병원 (등촌동)",37.55694089,126.8509495,"(37.5568628399174, 126.850904790759)",부민병원
206,위비앙병원,서울특별시 마포구 신촌로 240 (아현동),37.5569501,126.9524479,"(37.556950103098, 126.952447901677)",위비앙병원
207,이화여자대학교의과대학부속서울병원,"서울특별시 강서구 공항대로 260, 이화의대부속서울병원 (마곡동)",37.55726115,126.8362659,"(37.5572628621214, 126.836266829117)",이화여자대학교의과대학부속서울병원
208,서울필병원,서울특별시 강서구 강서로 357 (내발산동),37.55766689,126.8373878,"(37.5576668863222, 126.837387751506)",서울필병원
209,의료법인 원중의료재단 우리내일병원,"서울특별시 서대문구 신촌로37길 10, 우리내일병원 지하4층~지하1층 ,4층~10층호 (북아현동)",37.55770923,126.9570019,"(37.5576820634534, 126.957128086543)",의료법인 원중의료재단 우리내일병원
210,강서송도병원,"서울특별시 강서구 공항대로 315 (등촌동, 서울시니어강서타워)",37.55849898,126.8427913,"(37.5584986162827, 126.842791205411)",강서송도병원
211,9988병원,서울특별시 성동구 왕십리로 269 (행당동),37.5586049,127.0374801,"(37.5586057086894, 127.037479052118)",9988병원
212,한양대학교병원,서울특별시 성동구 왕십리로 222-1 (사근동),37.55994453,127.0448828,"(37.5586365379287, 127.045628235663)",한양대학교병원
213,강서힘찬병원,"서울특별시 강서구 강서로56길 38 (등촌동, 강서힘찬병원)",37.5591917,126.8406712,"(37.5591929622171, 126.840668886961)",강서힘찬병원
214,에스앤유서울병원,"서울특별시 강서구 공항대로 237, 에이스타워 마곡 3,4,5,6층 (마곡동)",37.55945269,126.8339115,"(37.5594526887597, 126.833912548403)",에스앤유서울병원
215,지혜병원,서울특별시 동대문구 천호대로 421 (장안동),37.561627,127.0659267,"(37.561626817119, 127.065927224471)",지혜병원
216,우리들병원,서울특별시 강서구 하늘길 70 (과해동),37.56199597,126.7963653,"(37.5619975959387, 126.796364852789)",우리들병원
217,영동병원,서울특별시 동대문구 한천로 4 (장안동),37.56324547,127.0585529,"(37.5632449294324, 127.058553733243)",영동병원
218,연세대학교의과대학세브란스병원,서울특별시 서대문구 연세로 50-1 (신촌동),37.56211711,126.9408277,"(37.563674036531, 126.941917689273)",연세대학교의과대학세브란스병원
219,맑은수병원,서울특별시 동대문구 천호대로83길 44 (장안동),37.5638833,127.0655483,"(37.5638839349002, 127.065546531255)",맑은수병원
220,연세슬기병원,서울특별시 성동구 무학로2길 8 (도선동),37.56426872,127.0306781,"(37.5642703458178, 127.030678010912)",연세슬기병원
221,의료법인제민의료재단동서병원,서울특별시 서대문구 성산로 365-14 (연희동),37.56466657,126.9302585,"(37.564665578776, 126.930259421463)",의료법인제민의료재단동서병원
222,인제대학교서울백병원,서울특별시 중구 마른내로 9 (저동2가),37.56507317,126.9888453,"(37.5648278105242, 126.988670039625)",인제대학교서울백병원
223,재단법인베스티안재단베스티안서울병원,서울특별시 성동구 왕십리로 382 (하왕십리동),37.56511028,127.0280198,"(37.5651102845783, 127.028019796271)",재단법인베스티안재단베스티안서울병원
224,하늘병원,"서울특별시 동대문구 천호대로 317, 하늘병원 (답십리동)",37.56517862,127.0556342,"(37.565178527398, 127.055634655029)",하늘병원
225,참바로병원,"서울특별시 중구 다산로 258, 2,3층 (흥인동, 리마크빌)",37.56611792,127.0164851,"(37.5657948536437, 127.016623843671)",참바로병원
226,강서바른세상병원,"서울특별시 강서구 금낭화로 9, 바른세상병원 1,2,3,4,5,층 6,7호 (방화동)",37.56613702,126.8116029,"(37.5661373795288, 126.811603359943)",강서바른세상병원
227,멘토스병원,서울특별시 동대문구 한천로 49 (답십리동),37.56656678,127.0616207,"(37.5665654319352, 127.061619144834)",멘토스병원
228,서울적십자병원,"서울특별시 종로구 새문안로 9, 적십자병원 (평동)",37.56715536,126.9669986,"(37.5667630123693, 126.967202493985)",서울적십자병원
229,국립중앙의료원,서울특별시 중구 을지로 245 (을지로6가),37.56733956,127.0057954,"(37.5677264605676, 127.005484601979)",국립중앙의료원
230,강북삼성병원,서울특별시 종로구 새문안로 29 (평동),37.56849763,126.9679381,"(37.5688677261045, 126.967812703696)",강북삼성병원
231,린여성병원,"서울특별시 동대문구 답십리로 266, 파워스빌딩 (장안동)",37.57228172,127.0698437,"(37.5722812717492, 127.069844464433)",린여성병원
232,참튼튼병원,서울특별시 동대문구 답십리로 261 (장안동),37.57273278,127.0693591,"(37.572732776108, 127.069359147079)",참튼튼병원
233,코리아병원,서울특별시 동대문구 장한로 143 (장안동),37.57319613,127.0715199,"(37.5731976621686, 127.071518871889)",코리아병원
234,의료법인마리아의료재단마리아병원,서울특별시 동대문구 천호대로 20 (신설동),37.57416407,127.0254115,"(37.5743400943334, 127.025164225873)",의료법인마리아의료재단마리아병원
235,세란병원,서울특별시 종로구 통일로 256 (무악동),37.57534017,126.9577072,"(37.5753392693516, 126.95770832178)",세란병원
236,서울특별시동부병원,서울특별시 동대문구 무학로 124 (용두동),37.57539886,127.0314026,"(37.5753539913466, 127.031512678311)",서울특별시동부병원
237,엔플러스병원,"서울특별시 동대문구 장한로32길 7, 장안동의료시설 (장안동)",37.57546869,127.0725832,"(37.5754686901664, 127.072583233437)",엔플러스병원
238,서울나은병원,서울특별시 동대문구 왕산로 137 (제기동),37.57860065,127.0388529,"(37.5785692943084, 127.038731404679)",서울나은병원
239,서울대학교병원,서울특별시 종로구 대학로 101 (연건동),37.57966609,126.9989631,"(37.5804523853297, 126.997196437908)",서울대학교병원
240,의료법인동신의료재단동신병원,"서울특별시 서대문구 연희로 272, 동신병원 본관동 (홍은동)",37.58110428,126.9365831,"(37.5811060838344, 126.936583290985)",의료법인동신의료재단동신병원
241,서울탑병원,"서울특별시 동대문구 정릉천동로 102, 지하1층~지상4층 (제기동)",37.58142576,127.0360243,"(37.5814263021675, 127.036023592372)",서울탑병원
242,날개병원,서울특별시 동대문구 무학로 193-1 (용두동),37.58162579,127.0294988,"(37.5816271425374, 127.029498659534)",날개병원
243,녹색병원,서울특별시 중랑구 사가정로49길 53 (면목동),37.58362084,127.0860555,"(37.5835639827081, 127.086060385744)",녹색병원
244,서울성심병원,"서울특별시 동대문구 왕산로 259, 서울성심병원 (청량리동)",37.58419129,127.0498381,"(37.5841890473051, 127.049819830411)",서울성심병원
245,의료법인우신향병원,서울특별시 성북구 안암로 99 (안암동5가),37.5847836,127.0311482,"(37.5848797322556, 127.031235460115)",의료법인우신향병원
246,삼육서울병원,서울특별시 동대문구 망우로 82 (휘경동),37.587992,127.0653288,"(37.5862119387672, 127.06355328121)",삼육서울병원
247,인정병원,서울특별시 은평구 응암로 164 (응암동),37.58653335,126.9163624,"(37.5865882667176, 126.91659126549)",인정병원
248,학교법인고려중앙학원고려대학교의과대학부속병원(안암병원),"서울특별시 성북구 고려대로 73, 고려대병원 (안암동5가)",37.58715608,127.0264709,"(37.5871109699535, 127.026357234716)",학교법인고려중앙학원고려대학교의과대학부속병원(안암병원)
249,늘찬병원,"서울특별시 중랑구 동일로 643, 화성빌딩 지하1, 2~8층 (면목동)",37.5879908,127.0796809,"(37.5879908042663, 127.079680860838)",늘찬병원
250,제이여성병원,"서울특별시 서대문구 통일로 442 (홍제동, 제이여성병원)",37.58851463,126.9449236,"(37.5885147216693, 126.944925532604)",제이여성병원
251,재단법인대성병원,서울특별시 서대문구 세무서길 20 (홍제동),37.58892588,126.9457838,"(37.5889268732343, 126.945785278564)",재단법인대성병원
252,팔팔병원,"서울특별시 중랑구 동일로 679 (면목동, 88병원)",37.59094046,127.0796983,"(37.5909406409469, 127.07969838544)",팔팔병원
253,경희대학교병원,서울특별시 동대문구 경희대로 23 (회기동),37.59387655,127.0518322,"(37.5937762050989, 127.050741696591)",경희대학교병원
254,강북21세기병원,서울특별시 중랑구 면목로 473 (상봉동),37.59405013,127.0856304,"(37.5940484210525, 127.085631420521)",강북21세기병원
255,더서울병원,서울특별시 성북구 아리랑로 16 (동선동4가),37.59423501,127.0165047,"(37.5942338410861, 127.016504706757)",더서울병원
256,연세산돌병원,"서울특별시 중랑구 봉우재로 234, 연세산돌병원 지하1층~7층 (망우동)",37.59517215,127.0988769,"(37.5951721459585, 127.098876946116)",연세산돌병원
257,의료법인서광의료재단성북중앙병원,서울특별시 성북구 종암로 72 (종암동),37.59688443,127.0356099,"(37.5971169151205, 127.035693824082)",의료법인서광의료재단성북중앙병원
258,서울선병원,"서울특별시 중랑구 망우로 373 (상봉동, 서울선병원)",37.5986247,127.0936258,"(37.5986230779915, 127.093627237797)",서울선병원
259,장스여성병원(본관),서울특별시 중랑구 망우로 411  (망우동),37.59959692,127.0978916,"(37.5995969226542, 127.097891610363)",장스여성병원(본관)
260,장스여성병원,"서울특별시 중랑구 용마산로117길 49, 장스여성병원 비동 (7층 일부제외)동 (망우동)",37.59970874,127.0975614,"(37.5997087386745, 127.097561434831)",장스여성병원
261,러스크서울병원,서울특별시 중랑구 망우로 470 (망우동),37.60014336,127.1043263,"(37.6001433569352, 127.104326339173)",러스크서울병원
262,조앤조병원,"서울특별시 중랑구 망우로 474 (망우동, 조앤조병원)",37.60030564,127.1047165,"(37.6003063622164, 127.10471509743)",조앤조병원
263,서울라본병원,서울특별시 중랑구 망우로 476 (망우동),37.60031251,127.1050924,"(37.6003118821631, 127.105093670612)",서울라본병원
264,의료법인풍산의료재단동부제일병원,"서울특별시 중랑구 망우로 511, 동부제일병원 지하1~6층 (망우동)",37.60067565,127.1090292,"(37.6008839257705, 127.109547154587)",의료법인풍산의료재단동부제일병원
265,본서부병원,서울특별시 은평구 은평로 133 (응암동),37.60075161,126.9226017,"(37.6009323557961, 126.922591585689)",본서부병원
266,디앤에프병원,"서울특별시 중랑구 봉화산로 64 (중화동, 디엔에프병원)",37.60147003,127.0814852,"(37.6014710157599, 127.081486513539)",디앤에프병원
267,연세노블병원,서울특별시 은평구 서오릉로 37 (녹번동),37.60403999,126.9244507,"(37.6040399058057, 126.924452636345)",연세노블병원
268,서울특별시서북병원,서울특별시 은평구 갈현로7길 49 (역촌동),37.60423296,126.9047364,"(37.6043567763756, 126.905664235484)",서울특별시서북병원
269,서울특별시북부병원,서울특별시 중랑구 양원역로 38 (망우동),37.60429805,127.107792,"(37.6043947292607, 127.10768066266)",서울특별시북부병원
270,최원호병원,"서울특별시 은평구 서오릉로 45, 최원호병원 (녹번동)",37.60477122,126.9238566,"(37.604769594378, 126.923855760856)",최원호병원
271,서울재활병원,서울특별시 은평구 갈현로11길 30 (구산동),37.60524912,126.9075621,"(37.60561275596, 126.906342824539)",서울재활병원
272,로이병원,"서울특별시 종로구 평창문화로 75, 글로리아타운 2층일부,3,5층 (평창동)",37.60686399,126.9690054,"(37.606862635259, 126.96900620111)",로이병원
273,성북우리아이들병원,서울특별시 성북구 동소문로46길 10 (하월곡동),37.6068608,127.0293819,"(37.6068633235053, 127.029359244458)",성북우리아이들병원
274,사회복지법인성가소비녀회성가복지병원,서울특별시 성북구 종암로 191 (하월곡동),37.60692894,127.030682,"(37.6069277678263, 127.030683404081)",사회복지법인성가소비녀회성가복지병원
275,서울병원,서울특별시 은평구 진흥로 191 (대조동),37.60882991,126.9307383,"(37.6088308110956, 126.930739739666)",서울병원
276,서울척병원,서울특별시 성북구 동소문로47길 8 (길음동),37.60886102,127.0292694,"(37.6088605693088, 127.029269992391)",서울척병원
277,마디세상병원,서울특별시 중랑구 동일로 890 (묵동),37.60991516,127.0781892,"(37.6099151597192, 127.078189221962)",마디세상병원
278,마디세상병원,서울특별시 중랑구 동일로 890 (묵동),37.60991633,127.0781873,"(37.6099151597192, 127.078189221962)",마디세상병원
279,의료법인 성누가의료재단 성누가병원,"서울특별시 은평구 통일로 726, 불광메디컬타워 1~12층 (불광동)",37.6105163,126.9303018,"(37.610530375217, 126.930328513931)",의료법인 성누가의료재단 성누가병원
280,서울특별시서울의료원,서울특별시 중랑구 신내로 156 (신내동),37.61286932,127.0980911,"(37.6130913124974, 127.099186989431)",서울특별시서울의료원
281,은평연세병원,서울특별시 은평구 연서로 177 (갈현동),37.61469222,126.917472,"(37.6146922208583, 126.917472218592)",은평연세병원
282,햇빛병원,서울특별시 강북구 도봉로 74 (미아동),37.61576594,127.030287,"(37.6157674743173, 127.030285286084)",햇빛병원
283,서울유병원,"서울특별시 강북구 도봉로 77, 지하2층~지하1층, 3층~8층층 (미아동)",37.61607301,127.0295518,"(37.6160730052361, 127.029551791451)",서울유병원
284,의료법인한국의료재단프라임병원,서울특별시 중랑구 공릉로 76 (묵동),37.61722791,127.079459,"(37.6172283555794, 127.07946003191)",의료법인한국의료재단프라임병원
285,태릉마이크로병원,서울특별시 노원구 동일로 987 (공릉동),37.61825438,127.074943,"(37.6182542034567, 127.074941145603)",태릉마이크로병원
286,강북연세병원,서울특별시 노원구 동일로 996 (공릉동),37.61919467,127.0754876,"(37.6191955674915, 127.075487711537)",강북연세병원
287,서울좋은병원,서울특별시 강북구 도봉로 114 (미아동),37.61930167,127.0292871,"(37.6193021230009, 127.029284845964)",서울좋은병원
288,의료법인청구성심병원,서울특별시 은평구 통일로 873 (갈현동),37.62079154,126.919554,"(37.6207901019252, 126.919552747252)",의료법인청구성심병원
289,민병원,"서울특별시 강북구 도봉로 155, 서울민병원 (미아동)",37.62542191,127.0261857,"(37.6226164357907, 127.027280383769)",민병원
290,성신병원,서울특별시 강북구 도봉로 181 (미아동),37.62495696,127.026335,"(37.6248559853562, 127.026239493091)",성신병원
291,강북으뜸병원,"서울특별시 강북구 도봉로 187, 지하1층, 2층~5층 (미아동)",37.62542056,127.0261845,"(37.6254205559935, 127.026184524499)",강북으뜸병원
292,한국원자력의학원원자력병원,"서울특별시 노원구 노원로 75, 한국원자력의학원 (공릉동)",37.62881598,127.0826932,"(37.6286068147245, 127.083017711933)",한국원자력의학원원자력병원
293,포근한병원,서울특별시 강북구 도봉로 266 (미아동),37.63229867,127.0241715,"(37.6322985747098, 127.02417309812)",포근한병원
294,가톨릭대학교은평성모병원,서울특별시 은평구 통일로 1021 (진관동),37.63360841,126.9161505,"(37.6336094022541, 126.916152525534)",가톨릭대학교은평성모병원
295,신일병원,서울특별시 강북구 덕릉로 73 (수유동),37.63477503,127.0218249,"(37.6347745804936, 127.021825891177)",신일병원
296,의료법인성화의료재단  대한병원,"서울특별시 강북구 도봉로 301 (수유동, 대한병원)",37.63547043,127.0226725,"(37.6354702517404, 127.022673311792)",의료법인성화의료재단  대한병원
297,노원을지대학교병원,"서울특별시 노원구 한글비석로 68, 을지병원 (하계동)",37.63644293,127.0700028,"(37.6361106543284, 127.06968108866)",노원을지대학교병원
298,국립재활원,"서울특별시 강북구 삼각산로 58 (수유동, 국립재활원)",37.63888191,127.0105855,"(37.638655704921, 127.010264590667)",국립재활원
299,서울현대병원,"서울특별시 강북구 도봉로 374 (번동, 서울현대병원)",37.63992822,127.0281656,"(37.6402559204261, 127.028504374531)",서울현대병원
300,강북우리들병원,"서울특별시 강북구 한천로 1083, 수유동 (수유동, 광산타워)",37.64243023,127.0226234,"(37.6425448823211, 127.022634105373)",강북우리들병원
301,의료법인 상원의료재단 강북힘찬병원,"서울특별시 도봉구 도봉로 446, 강북힘찬병원 (창동)",37.64566343,127.0333766,"(37.6456625299969, 127.033377074805)",의료법인 상원의료재단 강북힘찬병원
302,의료법인한전의료재단한일병원,"서울특별시 도봉구 우이천로 308, 한일병원 (쌍문동)",37.6461157,127.0290242,"(37.6466848477493, 127.029058318974)",의료법인한전의료재단한일병원
303,인제대학교상계백병원,"서울특별시 노원구 동일로 1342, 상계백병원 (상계동)",37.64858127,127.0631162,"(37.6485819883224, 127.063115737673)",인제대학교상계백병원
304,새힘병원,서울특별시 노원구 노원로 416(상계동),37.65367736,127.067906,"(37.6536773594601, 127.067905988941)",새힘병원
305,파로스병원,"서울특별시 노원구 노원로 416, 파로스병원 (상계동)",37.52337496,127.0274531,"(37.6536773594601, 127.067905988941)",파로스병원
306,참튼튼병원,"서울특별시 노원구 노해로 502, 2층, 3층, 5층 (상계동)",37.65445176,127.0636923,"(37.6544500497108, 127.063692307584)",참튼튼병원
307,다나병원,서울특별시 도봉구 해등로 129 (창동),37.65505307,127.0404387,"(37.6550518985483, 127.040436964996)",다나병원
308,메디아이여성병원,"서울특별시 노원구 노원로 448 (상계동, 메디아이여성병원)",37.65647171,127.0670485,"(37.6564723367144, 127.0670480462)",메디아이여성병원
309,베이직병원,"서울특별시 도봉구 삼양로 610, 지하1층층 지상1,2,3,4호 (쌍문동, 산수디앤씨)",37.65745219,127.0139121,"(37.6574508375486, 127.013910559778)",베이직병원
310,에이치큐브병원,서울특별시 도봉구 도봉로 604 (창동),37.65831442,127.0410343,"(37.6583143285943, 127.041034393222)",에이치큐브병원
311,바로선병원,"서울특별시 도봉구 도봉로 628 (창동, 바로선병원)",37.66034305,127.0421143,"(37.6603418778017, 127.042113640274)",바로선병원
312,정병원,서울특별시 도봉구 도봉로 639 (쌍문동),37.66153966,127.0418249,"(37.6615414580177, 127.041822368977)",정병원
313,성모샘병원,"서울특별시 도봉구 도봉로 683, 5,6,7층 (방학동)",37.66548952,127.0419359,"(37.6654906885636, 127.041934071403)",성모샘병원
314,서울노보스병원,서울특별시 도봉구 도봉로 755(도봉동),37.6687612,127.0438011,"(37.6718831609554, 127.043624655538)",서울노보스병원