,name,도로명주소,브랜드,latlon
0,금정남산동DT,부산광역시 금정구 중앙대로 1989 (남산동),스타벅스,"(35.262146679655, 129.091312246261)"
1,금정구청DT,부산광역시 금정구 중앙대로 1730 (부곡동),스타벅스,"(35.2388135211636, 129.092985849499)"
2,온천장역DT,부산광역시 금정구 식물원로 13 (장전동),스타벅스,"(35.2239889287611, 129.086547807418)"
3,부산대정문,부산광역시 금정구 부산대학로64번길 12 (장전동),스타벅스,"(35.232103721418, 129.084558512732)"
4,부산대역,"부산광역시 금정구 장전로12번길 64, 1~4층 (장전동)",스타벅스,"(35.2305082787738, 129.088736491912)"
5,금정이마트,부산광역시 금정구 중앙대로1841번길 24 (구서동),스타벅스,"(35.2499415346867, 129.090596231215)"
6,금정구서,부산광역시 금정구 금강로 441 (구서동),스타벅스,"(35.246972040401, 129.088705033066)"
7,부산서동,부산광역시 금정구 서동로 173 (서동),스타벅스,"(35.2146989889404, 129.105621001198)"
8,용호동W스퀘어,"부산광역시 남구 분포로 145 (용호동) 더블유스퀘어동 1019호,1020호,1021호,2011호 2012호",스타벅스,"(35.1342294576999, 129.111216765972)"
9,동명대DT,부산광역시 남구 신선로 423 (용당동),스타벅스,"(35.1231052079437, 129.098972733227)"
10,BIFC Mall,부산광역시 남구 문현금융로 40 (문현동) 부산국제금융센터,스타벅스,"(35.1464917263976, 129.065854840531)"
11,부산대연역,"부산광역시 남구 수영로 240-1, 1층 (대연동)",스타벅스,"(35.1349262076708, 129.093042579996)"
12,경성대,부산광역시 남구 수영로 312 (대연동),스타벅스,"(35.1369795296869, 129.100620669986)"
13,부산대연못골,부산광역시 남구 못골로 87 (대연동),스타벅스,"(35.1361145039001, 129.092028877694)"
14,부산역라마다,부산광역시 동구 중앙대로196번길 10 (초량동),스타벅스,"(35.1142438366245, 129.040324777113)"
15,부산역아스티,부산광역시 동구 중앙대로214번길 7-8 (초량동),스타벅스,"(35.116562771472, 129.042034211943)"
16,부산역,부산광역시 동구 중앙대로 216 (초량동),스타벅스,"(35.116332987821, 129.040803077798)"
17,범일동일타워,부산광역시 동구 조방로 14 (범일동),스타벅스,"(35.1387281351032, 129.06345343296)"
18,서면중앙대로R,부산광역시 부산진구 중앙대로 672 (부전동) 1층 2층,스타벅스,"(35.153006221653, 129.059606320437)"
19,서면로R,부산광역시 부산진구 서면로 49-1 (부전동),스타벅스,"(35.1552474300523, 129.057532370274)"
20,서면NC,부산광역시 부산진구 동천로 92 (전포동) NC백화점 1층,스타벅스,"(35.1570347933033, 129.063015132835)"
21,양정역,부산광역시 부산진구 중앙대로 894 (양정동),스타벅스,"(35.1700860029891, 129.069248908047)"
22,동의대역,부산광역시 부산진구 가야대로 589 (가야제1동),스타벅스,"(35.1549809422066, 129.036204979707)"
23,부산개금역,부산광역시 부산진구 가야대로 462 (개금동),스타벅스,"(35.1528609632447, 129.022473137771)"
24,서면전포역,부산광역시 부산진구 전포대로199번길 27 (전포동),스타벅스,"(35.1542752909726, 129.063594906789)"
25,부산서면중앙로,부산광역시 부산진구 중앙대로 701 (부전동),스타벅스,"(35.1554675375042, 129.058913783101)"
26,서면서전로,부산광역시 부산진구 서전로 19 (부전동),스타벅스,"(35.1579610095654, 129.061909071341)"
27,부산서면,부산광역시 부산진구 중앙대로692번길 46-10 (부전동),스타벅스,"(35.1540957461251, 129.061543776731)"
28,서면역,부산광역시 부산진구 서전로 1 (부전동),스타벅스,"(35.1579955331567, 129.059901545655)"
29,부전역,"부산광역시 부산진구 중앙대로 777, 서면호텔 복합시설1,2층 (부전동)",스타벅스,"(35.1618375672406, 129.06187547691)"
30,서면센트럴스퀘어,부산광역시 부산진구 중앙대로666번길 50 (부전동),스타벅스,"(35.151843130536, 129.060303359759)"
31,서면메디컬거리,"부산광역시 부산진구 가야대로 783-1, 1층 (부전동)",스타벅스,"(35.1579674066734, 129.057389324477)"
32,서면중앙,부산광역시 부산진구 서면로68번길 1 (부전동),스타벅스,"(35.1568755011339, 129.058071549278)"
33,서면트레이더스,부산광역시 부산진구 시민공원로 31 (부암동),스타벅스,"(35.1639044537017, 129.05255094433)"
34,초읍대공원,부산광역시 부산진구 성지곡로 6 (초읍동),스타벅스,"(35.1827764236576, 129.047498886595)"
35,서면엠디엠타워,부산광역시 부산진구 중앙대로 639 (범천동),스타벅스,"(35.1497331070164, 129.058779471903)"
36,서면문화로,부산광역시 부산진구 서면문화로 10 (부전동),스타벅스,"(35.1588242913748, 129.057613912224)"
37,부산덕천역,부산광역시 북구 만덕대로 30 (덕천동),스타벅스,"(35.2106613817795, 129.00848016307)"
38,부산화명역,부산광역시 북구 금곡대로285번길 5 (화명동),스타벅스,"(35.2336730290072, 129.013176739007)"
39,화명강변DT,부산광역시 북구 금곡대로77 (덕천동),스타벅스,"(35.2168532230702, 129.004733677474)"
40,부산구남역DT,부산광역시 북구 백양대로 1040 (구포동),스타벅스,"(35.1982934548189, 128.996297124915)"
41,부산만덕DT,부산광역시 북구 만덕대로 323 (만덕동),스타벅스,"(35.2131726902815, 129.039793829174)"
42,사상주례DT,부산광역시 사상구 백양대로 520 (주례동),스타벅스,"(35.1548634734354, 128.996132709156)"
43,동서대DT,부산광역시 사상구 가야대로 338 (주례동),스타벅스,"(35.1507621182409, 129.009827971619)"
44,사상역,부산광역시 사상구 사상로 211 (괘법동),스타벅스,"(35.1639752914377, 128.983399922445)"
45,부산사상로,부산광역시 사상구 사상로 200 (괘법동) 105호,스타벅스,"(35.1629608754113, 128.984602276617)"
46,삼락강변DT,부산광역시 사상구 낙동대로 1306 (삼락동),스타벅스,"(35.1768083427196, 128.976745493612)"
47,사상엄궁DT,부산광역시 사상구 낙동대로 744 (엄궁동),스타벅스,"(35.1276650476475, 128.969754562229)"
48,사상이마트,부산광역시 사상구 광장로 17 (괘법동),스타벅스,"(35.1642365382579, 128.978888681143)"
49,다대포비치,부산광역시 사하구 다대로 714 (다대동),스타벅스,"(35.049135845511, 128.963576442214)"
50,부산하단,부산광역시 사하구 낙동대로 455 (하단동),스타벅스,"(35.1053389495552, 128.968848942055)"
51,다대포DT,부산광역시 사하구 다대로 493 (다대동),스타벅스,"(35.0609480465826, 128.975240550468)"
52,을숙도강변DT,부산광역시 사하구 하신번영로 381-6 (하단동),스타벅스,"(35.1153636492672, 128.959536554899)"
53,부산괴정역,부산광역시 사하구 사하로186번길 6 (괴정동),스타벅스,"(35.098382491278, 128.994221824755)"
54,하단중앙,부산광역시 사하구 낙동남로 1411 (하단동),스타벅스,"(35.1064881843058, 128.966043105523)"
55,사하장림DT,부산광역시 사하구 을숙도대로 682 (장림동),스타벅스,"(35.0846132564958, 128.9801522659)"
56,부산교대역DT,부산광역시 연제구 중앙대로 1250 (거제동),스타벅스,"(35.1990015085125, 129.078873493191)"
57,연산시티타워,부산광역시 연제구 중앙대로 1125 (연산동),스타벅스,"(35.188054516869, 129.080664794725)"
58,부산연산역,부산광역시 연제구 반송로 20 (연산동),스타벅스,"(35.1869510753309, 129.083314908507)"
59,연산중앙로,부산광역시 연제구 중앙대로 1091 (연산동),스타벅스,"(35.1854115498798, 129.080657879087)"
60,부산교대,부산광역시 연제구 교대로 20-2 (거제동),스타벅스,"(35.1957091864053, 129.07747484091)"
61,연산트레이더스,부산광역시 연제구 좌수영로 241 연산동,스타벅스,"(35.1850939786146, 129.111950912034)"
62,부산시청,부산광역시 연제구 중앙천로 93 (연산동),스타벅스,"(35.1814991245074, 129.078499981728)"
63,연제이마트,부산광역시 연제구 연수로 89 (연산동),스타벅스,"(35.1761555005315, 129.08131410094)"
64,부산교대역,부산광역시 연제구 명륜로 3 (거제제1동) 한양프라자,스타벅스,"(35.1964875444913, 129.081223847328)"
65,영도청학DT,부산광역시 영도구 태종로 373 (청학동),스타벅스,"(35.0938802371268, 129.065150567854)"
66,영도대교,부산광역시 영도구 태종로 39 (대교동1가),스타벅스,"(35.0945978765904, 129.037251591465)"
67,부산광복로R,부산광역시 중구 광복중앙로 8-2 (광복동3가),스타벅스,"(35.1001081888799, 129.03138410594)"
68,자갈치역,부산광역시 중구 구덕로 54-1 (남포동5가),스타벅스,"(35.0983988855193, 129.029692425997)"
69,국제시장,부산광역시 중구 대청로 80 (대청동3가),스타벅스,"(35.1027820311369, 129.028583153206)"
70,부산중앙역,부산광역시 중구 중앙대로81번길 2 (중앙동4가),스타벅스,"(35.1051483460321, 129.035917866365)"
71,BIFF광장,부산광역시 중구 비프광장로 25 (남포동3가),스타벅스,"(35.0989514125188, 129.028017266608)"
72,남포동역,"부산광역시 중구 구덕로 4, 1~2층 (광복동1가)",스타벅스,"(35.0983090441208, 129.035130422468)"
73,기장역DT,부산광역시 기장군 기장읍 기장대로 527 ,스타벅스,"(35.2421748145909, 129.220225969412)"
74,동부산DT,부산광역시 기장군 기장읍 기장해안로 56 ,스타벅스,"(35.184089090691, 129.210809152212)"
75,부산정관,부산광역시 기장군 정관읍 정관로 579 ,스타벅스,"(35.3213725097261, 129.177178104516)"
76,부산P.아울렛,부산광역시 기장군 정관로 1133 (175호),스타벅스,"(35.3238109755463, 129.23496623842)"
77,기장일광DT,부산광역시 기장군 일광읍 기장대로 706 ,스타벅스,"(35.2571959308296, 129.22542762568)"
78,동부산테마파크,부산광역시 기장군 기장읍 동부산관광로 34 ,스타벅스,"(35.1939227553489, 129.213968675423)"
79,광안수변공원,부산광역시 수영구 민락수변로 29 (민락동),스타벅스,"(35.1532353292792, 129.124656209034)"
80,수영역,부산광역시 수영구 수영로 671 (광안동),스타벅스,"(35.1657572531542, 129.114477933856)"
81,금련산역,부산광역시 수영구 수영로464번길 6 (남천동),스타벅스,"(35.1471761409275, 129.110540642752)"
82,광안비치,부산광역시 수영구 광안로62번길 39 (광안동),스타벅스,"(35.1530869476615, 129.11771328212)"
83,수영망미DT,부산광역시 수영구 과정로 68 (망미동),스타벅스,"(35.1773899390167, 129.107494570004)"
84,광안리,부산광역시 수영구 광안해변로 247 (민락동),스타벅스,"(35.1550454256744, 129.120843929214)"
85,남천,부산광역시 수영구 남천바다로 38 (남천동),스타벅스,"(35.1483051929022, 129.114178373549)"
86,밀락더마켓,부산광역시 수영구 민락수변로17번길 56 (민락동),스타벅스,"(35.154220357296, 129.127039355614)"
87,스타필드명지,부산광역시 강서구 명지국제6로 168 스타필드 명지 1층,스타벅스,"(35.0931119772294, 128.918143592831)"
88,명지강변DT,부산광역시 강서구 르노삼성대로 620 (명지동),스타벅스,"(35.1026445196082, 128.929483769125)"
89,명지국제신도시,부산광역시 강서구 명지국제5로 42 (명지동),스타벅스,"(35.0976643142014, 128.920247351245)"
90,명지오션시티,부산광역시 강서구 명지오션시티11로 66 (명지동),스타벅스,"(35.0840317240018, 128.903149444771)"
91,명지퍼스트월드,"부산광역시 강서구 명지국제7로 37 (명지동, 더샵 명지퍼스트월드 2단지)",스타벅스,"(35.0975218758561, 128.905203069718)"
92,동래역,부산광역시 동래구 충렬대로181번길 42 ,스타벅스,"(35.2056187592235, 129.080163966075)"
93,명륜역,부산광역시 동래구 동래로 25 ,스타벅스,"(35.2124840859621, 129.078381024198)"
94,사직구장,부산광역시 동래구 사직북로 4 (사직동),스타벅스,"(35.1962690162664, 129.061358966141)"
95,부산안락DT,부산광역시 동래구 충렬대로 446 (안락동),스타벅스,"(35.1958904040062, 129.106880725779)"
96,동래미남DT,부산광역시 동래구 충렬대로 101 (온천동),스타벅스,"(35.2071684628179, 129.07204783091)"
97,부산사직,부산광역시 동래구 사직북로 24 (사직동),스타벅스,"(35.1979717396496, 129.060539315933)"
98,부산온천장역,"부산광역시 동래구 중앙대로 1523, SK허브스카이위아아파트 1층 (온천동)",스타벅스,"(35.2212896964575, 129.08557677639)"
99,부산동래,부산광역시 동래구 충렬대로 194 (명륜동),스타벅스,"(35.2029160360188, 129.080986296242)"
100,동래허심청,부산광역시 동래구 온천장로107번길 32 (온천동) 1층,스타벅스,"(35.2211550981779, 129.082686623437)"
101,부산송도해수욕장,"부산광역시 서구 송도해변로 97(101,102,201) (암남동)",스타벅스,"(35.0772275861327, 129.017845481106)"
102,부민사거리,부산광역시 서구 구덕로 212 (부민동1가),스타벅스,"(35.1035935290696, 129.020259698374)"
103,부산동대신역,부산광역시 서구 구덕로322번길 7 (동대신동3가),스타벅스,"(35.1126452473551, 129.016735735098)"
104,동아대병원,부산광역시 서구 동대로 8 (동대신동3가),스타벅스,"(35.1194194692682, 129.01715840288)"
105,더해운대R,"부산광역시 해운대구 해운대해변로 197 (우동, 해운대경동제이드아파트)",스타벅스,"(35.158802549379, 129.152836637292)"
106,수영강변DT,부산광역시 해운대구 수영강변대로 516 (반여동),스타벅스,"(35.2039338607245, 129.119387342464)"
107,센텀파크,"부산광역시 해운대구 센텀중앙로 145 (재송동, 더샵센텀파크1차아파트)",스타벅스,"(35.1767570378219, 129.123591937256)"
108,해운대역,부산광역시 해운대구 구남로 9 (우동),스타벅스,"(35.1633069847366, 129.159614124407)"
109,부산재송DT,부산광역시 해운대구 해운대로 189 (재송동),스타벅스,"(35.1812444744102, 129.123977507105)"
110,해운대,부산광역시 해운대구 구남로 49 (중동) 101호,스타벅스,"(35.1601601914016, 129.162174768232)"
111,센텀로,부산광역시 해운대구 센텀2로 10 (우동) 센텀메디컬센타 1층 스타벅스 센텀로점,스타벅스,"(35.1678303309299, 129.131522464341)"
112,센텀신세계B1,부산광역시 해운대구 센텀남대로 35 (우동) 센텀시티 신세계UEC,스타벅스,"(35.1688178394069, 129.129523260187)"
113,해운대달맞이DT,부산광역시 해운대구 달맞이길 57 (중동) 1~3층,스타벅스,
114,센텀그린타워,부산광역시 해운대구 센텀중앙로 78 (우동),스타벅스,"(35.1746227393945, 129.127007076781)"
115,부산송정비치,부산광역시 해운대구 송정해변로 36 (송정동),스타벅스,"(35.1807275181, 129.2022558791)"
116,장산역,부산광역시 해운대구 해운대로 802 (좌동),스타벅스,"(35.1691555499786, 129.176665611527)"
117,하버타운,부산광역시 해운대구 해운대해변로 257 (우동),스타벅스,"(35.1596847186859, 129.159515044855)"
118,벡스코,"부산광역시 해운대구 APEC로 55, 벡스코내 (우동)",스타벅스,"(35.1690637154991, 129.136018268316)"
119,베네시티,부산광역시 해운대구 해운대해변로 163 (우동),스타벅스,"(35.1581691082817, 129.150728404706)"
120,팔레드시즈,"부산광역시 해운대구 해운대해변로298번길 24, 팔래드시즈 1-3호 (중동)",스타벅스,"(35.160201591128, 129.166579258799)"
121,블루스퀘어,부산광역시 해운대구 좌동로 96 (좌동),스타벅스,"(35.1722811210975, 129.175614056554)"
122,센텀시티역,"부산광역시 해운대구 센텀동로 9, 트럼프월드센텀아파트 1층 (우동)",스타벅스,"(35.1698704966296, 129.132455662366)"
123,제니스스퀘어,"부산광역시 해운대구 마린시티2로 33, 제니스스퀘어 (우동)",스타벅스,"(35.1572036560166, 129.144817207267)"
124,마린시티아이파크,부산광역시 해운대구 마린시티2로 38 (우동),스타벅스,"(35.157037795554, 129.143328681551)"
125,해운대달맞이,부산광역시 해운대구 달맞이길 189 (중동),스타벅스,"(35.1579136940403, 129.182297074709)"
126,해운대이마트,부산광역시 해운대구 좌동순환로 511 (중동) 1층,스타벅스,"(35.1660208153462, 129.167373764158)"
127,센텀드림월드,"부산광역시 해운대구 센텀2로 25, 센텀드림월드 1층 (우동)",스타벅스,"(35.1669483088462, 129.132959320724)"
128,센텀KNN,부산광역시 해운대구 센텀서로 30 (우동),스타벅스,"(35.1720591571479, 129.128432630796)"
129,월드마크센텀,"부산광역시 해운대구 센텀동로 25, 1층 (우동)",스타벅스,"(35.1719091709265, 129.131436572074)"
130,해운대NC,부산광역시 해운대구 해운대로 813 (좌동),스타벅스,"(35.1705360467282, 129.177049101754)"
131,해운대좌동,부산광역시 해운대구 좌동순환로 178 (좌동),스타벅스,"(35.1774991819064, 129.175522331017)"
132,해운대 엑스더스카이,부산광역시 해운대구 달맞이길30 ,스타벅스,"(35.1613327099223, 129.168013841974)"
133,센텀신세계3F,부산광역시 해운대구 센텀남대로 35 (우동),스타벅스,"(35.1688178394069, 129.129523260187)"
134,해운대중동역,부산광역시 해운대구 좌동순환로 6 (중동),스타벅스,"(35.1672265004293, 129.168055541782)"
135,센텀몰1F,부산광역시 해운대구 센텀4로 15 (우동),스타벅스,"(35.1698614224623, 129.12829006113)"
136,그랜드조선 부산,부산광역시 해운대구 해운대해변로 292 (중동),스타벅스,"(35.1600663074705, 129.163127599383)"
137,방학역점,서울 도봉구 도봉로 684,스타벅스,"(37.6653558357799, 127.043607120894)"
138,파라스파라서울점,서울 강북구 삼양로 689,스타벅스,"(37.664946041388, 127.007686111659)"
139,도봉로DT점,서울 도봉구 도봉로 635,스타벅스,"(37.6611444410209, 127.041693852595)"
140,노원마들역점,서울 노원구 노원로 547,스타벅스,"(37.6609845717011, 127.057983848414)"
141,상계초교사거리점,서울 노원구 노원로 449,스타벅스,"(37.6566694543257, 127.066441585083)"
142,더북한산점,서울 은평구 대서문길 24-11,스타벅스,"(37.6554576593266, 126.947556374345)"
143,노원역점,서울 노원구 동일로 1413,스타벅스,"(37.6547688511508, 127.060019298479)"
144,노원KT점,서울 노원구 노해로 502,스타벅스,"(37.6544500497108, 127.063692307584)"
145,창동이마트점,서울 도봉구 노해로65길 4,스타벅스,"(37.651636123068, 127.046699282846)"
146,은행사거리점,서울 노원구 중계로 217,스타벅스,"(37.6505035811197, 127.075992830225)"
147,진관DT점,서울 은평구 연서로 645,스타벅스,"(37.6501783208217, 126.936159835999)"
148,쌍문역점,서울 도봉구 도봉로 480,스타벅스,"(37.6483536013789, 127.034887170663)"
149,중계역점,서울 노원구 동일로 1339,스타벅스,"(37.6481622655674, 127.062182016086)"
150,쌍문도봉로점,서울 도봉구 도봉로 444,스타벅스,"(37.6453890648185, 127.033116226875)"
151,강북구청사거리점,서울 강북구 도봉로 365,스타벅스,"(37.6400141810051, 127.027385316418)"
152,구파발사거리점,서울 은평구 진관3로 21,스타벅스,"(37.6396025010646, 126.919014455213)"
153,수유역점,서울 강북구 도봉로 342,스타벅스,"(37.6380345518337, 127.026128675843)"
154,구파발역점,서울 은평구 진관2로 12,스타벅스,"(37.6342576294538, 126.918550997661)"
155,월계역점,서울 노원구 초안산로2라길 26,스타벅스,"(37.6300099286586, 127.05667170993)"
156,월계이마트점,서울 노원구 마들로3길 15,스타벅스,"(37.6265093604229, 127.061979778612)"
157,공릉역점,서울 노원구 동일로 1081,스타벅스,"(37.62637727809, 127.072270436177)"
158,미아역점,서울 강북구 도봉로 196,스타벅스,"(37.6261436910197, 127.026574236378)"
159,광운대점,서울 노원구 석계로 104,스타벅스,"(37.6231823075724, 127.060725543535)"
160,공릉DT점,서울 노원구 동일로 1015,스타벅스,"(37.6207526469417, 127.074220863167)"
161,연신내점,서울 은평구 통일로 867,스타벅스,"(37.6202313639655, 126.919897694543)"
162,태릉입구역DT,서울 노원구 화랑로 469,스타벅스,"(37.619235027025, 127.079338929761)"
163,연신내역사거리점,서울 은평구 통일로 842,스타벅스,"(37.6186902335511, 126.922063807625)"
164,미아뉴타운점,서울 강북구 삼양로 161,스타벅스,"(37.6183899941147, 127.021123478902)"
165,장위뉴타운점,서울 성북구 장월로38길 4,스타벅스,"(37.6180026605913, 127.051549899877)"
166,묵동점,서울 중랑구 동일로 952,스타벅스,"(37.6153331239502, 127.076880465585)"
167,미아사거리역점,서울 강북구 도봉로 32,스타벅스,"(37.6118468027305, 127.030708756258)"
168,구산역점,서울 은평구 연서로 146,스타벅스,"(37.6118256229728, 126.917712097114)"
169,미아이마트,서울 성북구 도봉로 17,스타벅스,"(37.6108552099076, 127.029867413357)"
170,불광역점,서울 은평구 통일로 715,스타벅스,"(37.609413947696, 126.930308376671)"
171,현대미아점,서울 성북구 동소문로 315,스타벅스,"(37.6083998425637, 127.028743635895)"
172,미아점,서울 성북구 동소문로 314,스타벅스,"(37.6076217871935, 127.029316733184)"
173,양원역점,서울 중랑구 양원역로10길 3,스타벅스,"(37.6066433737249, 127.106339503555)"
174,종로평창동점,서울 종로구 평창12길 3,스타벅스,"(37.606177671919, 126.96722438064)"
175,중랑구청점,서울 중랑구 신내로 72,스타벅스,"(37.6054064377729, 127.09566855816)"
176,녹번역점,서울 은평구 통일로 636,스타벅스,"(37.603517115574, 126.935311316206)"
177,월곡역점,서울 성북구 화랑로 76,스타벅스,"(37.6018277386458, 127.040463515854)"
178,중화역점,서울 중랑구 봉화산로 35,스타벅스,"(37.6018095864644, 127.078324330908)"
179,종암점,서울 성북구 종암로 122,스타벅스,"(37.6012026108787, 127.033955689737)"
180,은평구청입구점,서울 은평구 은평로 170,스타벅스,"(37.6010893852841, 126.926662375326)"
181,은평이마트점,서울 은평구 은평로 111,스타벅스,"(37.6008254685415, 126.920513478627)"
182,상봉점,서울 중랑구 상봉로 131,스타벅스,"(37.5974066200134, 127.092177640813)"
183,상봉역점,서울 중랑구 망우로 307,스타벅스,"(37.5969380081251, 127.086471773354)"
184,외대점,서울 동대문구 휘경로 12-1,스타벅스,"(37.5957325089141, 127.06140256497)"
185,외대정문점,서울 동대문구 이문로 93,스타벅스,"(37.5953818714405, 127.05923135853)"
186,성신여대점,서울 성북구 동소문로24길 12,스타벅스,"(37.5931500260512, 127.018413305959)"
187,중랑역점,서울 중랑구 망우로30길 3,스타벅스,"(37.5930806702101, 127.0747508051)"
188,경희대점,서울 동대문구 경희대로 16-1,스타벅스,"(37.5929010400532, 127.052866883162)"
189,종암DT점,서울 성북구 종암로 17,스타벅스,"(37.5919045586268, 127.036088313794)"
190,경희대삼거리점,서울 동대문구 회기로 141,스타벅스,"(37.5915700154784, 127.052031564319)"
191,성신여대정문점,서울 성북구 보문로34길 62,스타벅스,"(37.5908419743847, 127.01885953079)"
192,회기역사거리점,서울 동대문구 이문로 37,스타벅스,"(37.5908011291028, 127.056117386349)"
193,새절역점,서울 은평구 증산로 371,스타벅스,"(37.5895376912069, 126.912885066283)"
194,한성대입구역점,서울 성북구 성북로 11,스타벅스,"(37.5890512143102, 127.00492740484)"
195,삼선교점,서울 성북구 동소문로 10,스타벅스,"(37.5887327686781, 127.007333614721)"
196,홍제역점,서울 서대문구 통일로 451,스타벅스,"(37.5886701766902, 126.943849906806)"
197,고대안암병원점,서울 성북구 고려대로 73,스타벅스,"(37.5871109699535, 127.026357234716)"
198,안암역점,서울 성북구 고려대로 102-2,스타벅스,"(37.5861091702702, 127.030766564708)"
199,삼청동점,서울 종로구 삼청로 111-1,스타벅스,"(37.5853814289538, 126.981781192692)"
200,동숭길입구점,서울 종로구 대학로 146,스타벅스,"(37.5842489176, 127.002029979851)"
201,청량리역사점,서울 동대문구 왕산로 214,스타벅스,"(37.5841961381161, 127.05114707633)"
202,고대점,서울 성북구 고려대로24길 51,스타벅스,"(37.5839294883991, 127.029709018435)"
203,성대입구점,서울 종로구 창경궁로 235,스타벅스,"(37.582972036022, 126.998368345236)"
204,동숭로아트점,서울 종로구 동숭길 110,스타벅스,"(37.5829709917231, 127.003901728931)"
205,혜화역점,서울 종로구 대학로12길 4,스타벅스,"(37.5825159439465, 127.002197716421)"
206,마로니에공원점,서울 종로구 대학로 116,스타벅스,"(37.5815326869888, 127.002336486451)"
207,상암사보이시티,서울 마포구 월드컵북로54길 17,스타벅스,"(37.581324224744, 126.888548408154)"
208,상암MBC점,서울 마포구 성암로 267,스타벅스,"(37.5811234199086, 126.890988995582)"
209,북가좌DT점,서울 서대문구 응암로 85,스타벅스,"(37.5805716868071, 126.911493051935)"
210,서울대치과병원점,서울 종로구 대학로 101,스타벅스,"(37.5804523853297, 126.997196437908)"
211,수색점,서울 은평구 수색로 216,스타벅스,"(37.5798457128548, 126.899932768477)"
212,사가정역점,서울 중랑구 면목로 310,스타벅스,"(37.5796360424526, 127.087974659533)"
213,북촌로점,서울 종로구 북촌로4길 23,스타벅스,"(37.5794487466256, 126.986467254784)"
214,상암YTN점,서울 마포구 상암산로 76,스타벅스,"(37.5791943482019, 126.892314544858)"
215,경동1960점,서울 동대문구 고산자로36길 3,스타벅스,"(37.5790377655561, 127.039142935818)"
216,남가좌사거리점,서울 서대문구 거북골로 84,스타벅스,"(37.5782296308468, 126.918481311495)"
217,상암DMC점,서울 마포구 월드컵북로 375,스타벅스,"(37.5775739803674, 126.890723266484)"
218,안국점,서울 종로구 북촌로 5-1,스타벅스,"(37.5773774448484, 126.985650278426)"
219,경복궁역점,서울 종로구 자하문로4길 6,스타벅스,"(37.5771838641415, 126.972634880187)"
220,신설동역점,서울 동대문구 왕산로 19,스타벅스,"(37.5767090920194, 127.025524677025)"
221,대학로점,서울 종로구 대학로 57,스타벅스,"(37.5765585834389, 127.001450046714)"
222,상암디지털큐브점,서울 마포구 상암산로 34,스타벅스,"(37.5762102049855, 126.889239900296)"
223,디지털미디어시티역,서울 마포구 성암로 179,스타벅스,"(37.5761509117108, 126.898763780833)"
224,경복궁사거리점,서울 종로구 율곡로 6,스타벅스,"(37.5754538625026, 126.979775832051)"
225,적선점,서울 종로구 새문안로5길 55,스타벅스,"(37.5751282762119, 126.973966674854)"
226,스페이스본점,서울 종로구 사직로8길 4,스타벅스,"(37.5746716527447, 126.968429762772)"
227,정부서울청사R점,서울 종로구 새문안로5가길 28,스타벅스,"(37.574460196686, 126.973597076089)"
228,방화DT,서울 강서구 방화대로 375,스타벅스,"(37.5744541532234, 126.816386022206)"
229,가재울뉴타운점,서울 서대문구 가재울미래로 2,스타벅스,"(37.5744203632344, 126.917897379411)"
230,연합뉴스점,서울 종로구 율곡로2길 25,스타벅스,"(37.5743642341595, 126.98051726008)"
231,이마빌딩점,서울 종로구 종로1길 42,스타벅스,"(37.5739029320481, 126.978983502911)"
232,종로플레이스점,서울 종로구 창경궁로 120,스타벅스,"(37.5729815403513, 126.998249476942)"
233,동묘앞역점,서울 종로구 종로 344,스타벅스,"(37.5727228633137, 127.016083157911)"
234,종로구청점,서울 종로구 삼봉로 71,스타벅스,"(37.5726674875411, 126.981114262989)"
235,인사점,서울 종로구 인사동길 14,스타벅스,"(37.5721911098042, 126.986949096551)"
236,독립문역점,서울 종로구 송월길 155,스타벅스,"(37.5717267174551, 126.961625543187)"
237,경희궁로점,서울 종로구 새문안로3길 15,스타벅스,"(37.5717056482532, 126.972300686793)"
238,종로수송점,서울 종로구 종로5길 30,스타벅스,"(37.5716743442878, 126.980703152578)"
239,주얼리시티점,서울 종로구 종로 183,스타벅스,"(37.5714476873524, 126.998320034926)"
240,광화문점,서울 종로구 세종대로 167,스타벅스,"(37.5712680054994, 126.976304863447)"
241,광화문D타워점,서울 종로구 종로3길 17,스타벅스,"(37.5709958592808, 126.978914477333)"
242,광화문교보문고점,서울 종로구 종로 1,스타벅스,"(37.5709578373114, 126.977928770123)"
243,황학캐슬점,서울 중구 청계천로 400,스타벅스,"(37.5708105464699, 127.021463886656)"
244,더종로R점,서울 종로구 종로 51,스타벅스,"(37.5707451369668, 126.983611410428)"
245,종로3가점,서울 종로구 종로 113-1,스타벅스,"(37.5705929705531, 126.990220634469)"
246,연희DT점,서울 서대문구 연희로 144,스타벅스,"(37.5701890591183, 126.93389011557)"
247,종각점,서울 종로구 종로 64,스타벅스,"(37.5699578826778, 126.984542274763)"
248,광화문우체국점,서울 종로구 종로 6,스타벅스,"(37.5698416253417, 126.978096062325)"
249,종로관수점,서울 종로구 삼일대로20길 13,스타벅스,"(37.5697524735629, 126.988670425646)"
250,새문안로점,서울 종로구 새문안로 92,스타벅스,"(37.5696996246023, 126.974907969051)"
251,종로관철점,서울 종로구 종로12길 21,스타벅스,"(37.569083558387, 126.986000507196)"
252,동대문두타점,서울 중구 장충단로 275,스타벅스,"(37.5688849422849, 127.008775114213)"
253,강북삼성병원1층점,서울 종로구 새문안로 29,스타벅스,"(37.5688677261045, 126.967812703696)"
254,강북삼성병원점,서울 종로구 새문안로 29,스타벅스,"(37.5688677261045, 126.967812703696)"
255,세종대로점,서울 중구 세종대로 135-5,스타벅스,"(37.5685952282764, 126.976433052559)"
256,정동점,서울 종로구 새문안로 42,스타벅스,"(37.5685772978957, 126.970068090336)"
257,답십리역점,서울 동대문구 천호대로 263,스타벅스,"(37.5685046121538, 127.051120497766)"
258,마곡나루,서울 강서구 마곡중앙로 161-17,스타벅스,"(37.5680581740122, 126.825960812712)"
259,동대문디자인플라자점,서울 중구 을지로 281,스타벅스,"(37.5680445876689, 127.010890355484)"
260,무교동점,서울 중구 무교로 21,스타벅스,"(37.5678548680217, 126.978742292002)"
261,청계크리스탈스퀘어점,서울 중구 청계천로 106,스타벅스,"(37.5676441105952, 126.989279377343)"
262,한국프레스센터점,서울 중구 세종대로 124,스타벅스,"(37.5674198878673, 126.977873671097)"
263,무교로점,서울 중구 무교로 15,스타벅스,"(37.5672818668855, 126.978921749794)"
264,마곡웰튼,서울 강서구 마곡중앙5로 22,스타벅스,"(37.5672498211268, 126.825303015866)"
265,을지로국제빌딩점,서울 중구 남대문로 109,스타벅스,"(37.5669858059331, 126.982247152887)"
266,을지로삼화타워점,서울 중구 을지로5길 16,스타벅스,"(37.5669500459178, 126.984906351855)"
267,양천향교역,서울 강서구 강서로 463,스타벅스,"(37.5669463591713, 126.840446253714)"
268,마곡나루공원,서울 강서구 마곡중앙5로 47,스타벅스,"(37.566907942873, 126.82225751683)"
269,연희동점,서울 서대문구 연희로 97,스타벅스,"(37.5668038837366, 126.930516521058)"
270,서대문역,서울 종로구 통일로 134,스타벅스,"(37.5667996863316, 126.966255525958)"
271,황학사거리점,서울 성동구 왕십리로 410,스타벅스,"(37.5666029325047, 127.024082467223)"
272,국립중앙의료원점,서울 중구 을지로 251,스타벅스,"(37.5665548575457, 127.006251379421)"
273,을지로내외빌딩R점,서울 중구 을지로 51,스타벅스,"(37.5664928978912, 126.983681840765)"
274,을지로2가점,서울 중구 삼일대로 358,스타벅스,"(37.5664890113878, 126.988103724531)"
275,연대동문점,서울 서대문구 성산로 565,스타벅스,"(37.5664179509332, 126.946341059136)"
276,시청점,서울 중구 을지로 19,스타벅스,"(37.5663064488484, 126.979957145213)"
277,을지로4가역점,서울 중구 을지로 170,스타벅스,"(37.5661391831606, 126.99732748195)"
278,연세백양로점,서울 서대문구 연세로 50,스타벅스,"(37.5660508394158, 126.943916239886)"
279,신당역사거리점,서울 중구 다산로 258,스타벅스,"(37.5657948536437, 127.016623843671)"
280,을지로한국빌딩점,서울 중구 을지로 50,스타벅스,"(37.5656387039276, 126.983325822024)"
281,포포인츠명동점,서울 중구 삼일대로10길 36,스타벅스,"(37.5655777794838, 126.989423083534)"
282,신당역점,서울 중구 퇴계로 385,스타벅스,"(37.5654033985295, 127.014352404697)"
283,동대문공원점,서울 중구 장충단로 229,스타벅스,"(37.5652135783939, 127.007239173349)"
284,명동메트로점,서울 중구 명동9가길 14,스타벅스,"(37.5651356441528, 126.983730468109)"
285,상왕십리역점,서울 성동구 왕십리로 382,스타벅스,"(37.5651102845783, 127.028019796271)"
286,중곡역,서울 광진구 능동로 400,스타벅스,"(37.5650580830652, 127.08445683899)"
287,환구단점,서울 중구 소공로 112,스타벅스,"(37.5647590420043, 126.97922670848)"
288,이대ECC점,서울 서대문구 이화여대길 52,스타벅스,"(37.5644645178259, 126.950288837762)"
289,중구저동점,서울 중구 수표로 34,스타벅스,"(37.564378723742, 126.990358289779)"
290,명동중앙로점,서울 중구 명동길 60,스타벅스,"(37.5637739596312, 126.985753284029)"
291,소공로점,서울 중구 남대문로7길 19,스타벅스,"(37.5637733439194, 126.980774234134)"
292,경기대점,서울 서대문구 충정로 53,스타벅스,"(37.5637512316327, 126.964632683146)"
293,연세종합관점,서울 서대문구 연세로 50-1,스타벅스,"(37.563674036531, 126.941917689273)"
294,명동입구점,서울 중구 남대문로 68-1,스타벅스,"(37.5632323502622, 126.982275208021)"
295,서소문로점,서울 중구 서소문로 120,스타벅스,"(37.5628683143675, 126.974678797888)"
296,왕십리역,서울 성동구 왕십리로 326,스타벅스,"(37.5627268703824, 127.033894304026)"
297,태평로점,서울 중구 세종대로 72,스타벅스,"(37.562496007961, 126.976799879203)"
298,장한평역점,서울 동대문구 장한로 10,스타벅스,"(37.5623569528356, 127.065498788097)"
299,명동길점,서울 중구 명동10길 41,스타벅스,"(37.5620569449565, 126.985872679878)"
300,숭례문북창점,서울 중구 세종대로12길 12,스타벅스,"(37.5616267501713, 126.976921027876)"
301,가양역점,서울 강서구 양천로 476,스타벅스,"(37.5616001805127, 126.853271958466)"
302,엔터식스,서울 성동구 왕십리광장로 17,스타벅스,"(37.5614417528647, 127.038394194396)"
303,동국대점,서울 중구 서애로1길 11,스타벅스,"(37.5613425706769, 126.998598124335)"
304,대한극장점,서울 중구 퇴계로 212,스타벅스,"(37.5610754317367, 126.995343584628)"
305,명동역점,서울 중구 퇴계로 101,스타벅스,"(37.5608624903244, 126.983104484742)"
306,명동남산점,서울 중구 퇴계로 132,스타벅스,"(37.5607497585934, 126.986468487108)"
307,대한상공회의소R점,서울 중구 세종대로 39,스타벅스,"(37.5607136539523, 126.973775321516)"
308,마곡사이언스타워R,서울 강서구 마곡동로 62,스타벅스,"(37.5605537644679, 126.833890184435)"
309,왕십리역9번출구점,서울 성동구 고산자로 234,스타벅스,"(37.5605265052689, 127.03526540093)"
310,마곡GMG,서울 강서구 마곡중앙6로 16,스타벅스,"(37.5604015515818, 126.829006208171)"
311,별다방점,서울 중구 퇴계로 100,스타벅스,"(37.5602069895052, 126.982926486564)"
312,발산역점,서울 강서구 강서로 388,스타벅스,"(37.5601872593484, 126.839308151992)"
313,가양역사거리점,서울 강서구 화곡로 416,스타벅스,"(37.5600240146894, 126.855419700734)"
314,강서NC,서울 강서구 강서로56길 17,스타벅스,"(37.559933531546, 126.840498784915)"
315,충정타워점,서울 서대문구 서소문로 21,스타벅스,"(37.5598942603947, 126.964085809305)"
316,레스케이프호텔R점,서울 중구 퇴계로 67,스타벅스,"(37.5597323437561, 126.979523390315)"
317,동대입구역점,서울 중구 장충단로 166,스타벅스,"(37.5596497157976, 127.006153920631)"
318,마곡역,서울 강서구 공항대로 168,스타벅스,"(37.5592736391913, 126.826136981493)"
319,회현역점,서울 중구 퇴계로 72,스타벅스,"(37.5591253443035, 126.980603849217)"
320,연대점,서울 서대문구 연세로 35,스타벅스,"(37.5587271419036, 126.936712158471)"
321,아현역점,서울 서대문구 신촌로35길 10,스타벅스,"(37.558621696785, 126.955860405605)"
322,남산단암점,서울 중구 소월로 10,스타벅스,"(37.5585411616418, 126.975411166003)"
323,이대R점,서울 서대문구 이화여대길 34,스타벅스,"(37.558453141276, 126.945944197486)"
324,발산역사거리점,서울 강서구 공항대로 248,스타벅스,"(37.5584038640061, 126.834893863585)"
325,홍대동교점,서울 마포구 양화로 192,스타벅스,"(37.5583280533329, 126.926246501876)"
326,등촌,서울 강서구 공항대로 329,스타벅스,"(37.5582609804535, 126.844322656779)"
327,신촌명물거리점,서울 서대문구 명물길 24,스타벅스,"(37.5578023030191, 126.938137498354)"
328,군자사거리점,서울 광진구 천호대로 549,스타벅스,"(37.5576984952347, 127.079226104632)"
329,홍대공항철도역점,서울 마포구 양화로 178,스타벅스,"(37.5575046128363, 126.925213220295)"
330,강일역점,서울 강동구 고덕로 429,스타벅스,"(37.5574860634693, 127.173495116432)"
331,홍대역점,서울 마포구 양화로 165,스타벅스,"(37.5572083355752, 126.923619092959)"
332,한양대점,서울 성동구 왕십리로 225,스타벅스,"(37.5571687656274, 127.042120017866)"
333,연세세브란스점,서울 중구 통일로 10,스타벅스,"(37.5570966597, 126.973633761228)"
334,이대역점,서울 서대문구 신촌로 183,스타벅스,"(37.5570713640316, 126.94632173155)"
335,아현역대로점,서울 마포구 신촌로 262,스타벅스,"(37.5570560030972, 126.954825997093)"
336,동교점,서울 마포구 월드컵북로 22,스타벅스,"(37.5568956506034, 126.920022354506)"
337,군자역점,서울 광진구 천호대로 548,스타벅스,"(37.5568272074713, 127.07899226716)"
338,홍대역8번출구점,서울 마포구 양화로 166,스타벅스,"(37.556743503599, 126.924166543608)"
339,신촌아트레온점,서울 서대문구 신촌로 129,스타벅스,"(37.5565639285478, 126.940328119434)"
340,대우재단빌딩점,서울 중구 퇴계로 18,스타벅스,"(37.5565609866076, 126.975156720132)"
341,신촌점,서울 서대문구 연세로 10-1,스타벅스,"(37.5564898249423, 126.937122838477)"
342,신촌역점,서울 서대문구 신촌로 73,스타벅스,"(37.5563071297207, 126.934520427944)"
343,현대신촌점,서울 서대문구 신촌로 83,스타벅스,"(37.5560830579515, 126.935844876509)"
344,망원역점,서울 마포구 월드컵로 74,스타벅스,"(37.555782204515, 126.910728577563)"
345,약수역점,서울 중구 다산로 129,스타벅스,"(37.5554333519362, 127.010728945578)"
346,신촌오거리점,서울 마포구 신촌로16길 10,스타벅스,"(37.5551769148524, 126.934676463778)"
347,강동암사DT점,서울 강동구 고덕로 43,스타벅스,"(37.5551043012407, 127.130014966918)"
348,신금호역점,서울 성동구 금호로 158-1,스타벅스,"(37.5549927803262, 127.02022735147)"
349,서울역서부점,서울 용산구 만리재로 202,스타벅스,"(37.5549425482855, 126.968462872248)"
350,강서구청사거리점,서울 강서구 화곡로 350,스타벅스,"(37.55480957734, 126.852209910209)"
351,홍대입구역사거리R점,서울 마포구 양화로 125,스타벅스,"(37.5547493986687, 126.920309389675)"
352,서울역사점,서울 중구 한강대로 405,스타벅스,"(37.5547278494914, 126.969526329341)"
353,내발산점,서울 강서구 강서로 323,스타벅스,"(37.5546704615225, 126.836553620481)"
354,명일이마트점,서울 강동구 동남로75길 5,스타벅스,"(37.5540060457867, 127.156001893834)"
355,서교동사거리점,서울 마포구 양화로 105,스타벅스,"(37.5534135689843, 126.91857704379)"
356,명일역점,서울 강동구 양재대로 1647,스타벅스,"(37.5525605905813, 127.143782864746)"
357,서강대점,서울 마포구 백범로 23,스타벅스,"(37.5524342152167, 126.937558550565)"
358,애오개역점,서울 마포구 마포대로 201,스타벅스,"(37.552196546223, 126.955495945044)"
359,어린이대공원역,서울 광진구 능동로 243,스타벅스,"(37.5519395891703, 127.076354480595)"
360,서울역동자동점,서울 용산구 한강대로 372,스타벅스,"(37.5516794257654, 126.972905059299)"
361,합정폴리스R점,서울 마포구 양화로 45,스타벅스,"(37.5515008030203, 126.91395024016)"
362,서강대프라자점,서울 마포구 백범로 35,스타벅스,"(37.5514693075541, 126.943024997981)"
363,서울타워점,서울 용산구 남산공원길 105,스타벅스,"(37.5511225714939, 126.987867837993)"
364,포포인츠서울역점,서울 용산구 한강대로 366,스타벅스,"(37.5510861198751, 126.972911385084)"
365,합정푸르지오점,서울 마포구 월드컵로3길 14,스타벅스,"(37.5510079695241, 126.91164899787)"
366,마포경찰서후문점,서울 마포구 마포대로 173-14,스타벅스,"(37.55099812968, 126.953625787034)"
367,상일동점,서울 강동구 상일로10길 36,스타벅스,"(37.5507989598659, 127.174104292142)"
368,등촌대로점,서울 강서구 공항대로 543,스타벅스,"(37.5507388549618, 126.866412265444)"
369,아차산역,서울 광진구 천호대로 676,스타벅스,"(37.5505911469287, 127.08993019403)"
370,홍대삼거리점,서울 마포구 와우산로 64,스타벅스,"(37.5502199719304, 126.923271338076)"
371,합정점,서울 마포구 월드컵로1길 14,스타벅스,"(37.5500497954747, 126.912061257921)"
372,우장산역,서울 강서구 강서로 267,스타벅스,"(37.5496000614643, 126.835941270275)"
373,서강광흥창역점,서울 마포구 서강로 69,스타벅스,"(37.5494286610068, 126.931692020954)"
374,등촌역점,서울 양천구 공항대로 566,스타벅스,"(37.5489605239168, 126.868067060108)"
375,서강대흥역점,서울 마포구 백범로 89,스타벅스,"(37.5482463438766, 126.941545475669)"
376,상수역점,서울 마포구 독막로 88,스타벅스,"(37.5475156867782, 126.923227600752)"
377,광나루점,서울 광진구 아차산로 607,스타벅스,"(37.547378597376, 127.106047380217)"
378,염창역점,서울 강서구 공항대로 627,스타벅스,"(37.5472872158845, 126.874538741651)"
379,성수낙낙,서울 성동구 광나루로8길 31,스타벅스,"(37.5471881065539, 127.066325845916)"
380,뚝섬역,서울 성동구 아차산로 42,스타벅스,"(37.5464347311743, 127.049100119424)"
381,공덕점,서울 마포구 마포대로 130,스타벅스,"(37.5459729185296, 126.952989325371)"
382,굽은다리역점,서울 강동구 양재대로 1568,스타벅스,"(37.545422301431, 127.143225315777)"
383,구의DT,서울 광진구 광나루로 519,스타벅스,"(37.5453065761171, 127.087213258945)"
384,숙대점,서울 용산구 청파로47길 57,스타벅스,"(37.5446357546297, 126.96713467761)"
385,성수점,서울 성동구 아차산로 104,스타벅스,"(37.544442510333, 127.055458106675)"
386,숙대입구역점,서울 용산구 한강대로 291,스타벅스,"(37.5442306440059, 126.971941739174)"
387,마포염리점,서울 마포구 독막로 311,스타벅스,"(37.5439965080669, 126.947481225372)"
388,숙명여대정문점,서울 용산구 청파로47길 99,스타벅스,"(37.5438324857962, 126.965458400837)"
389,성수역점,서울 성동구 성수이로 94,스타벅스,"(37.5432313943084, 127.056957190581)"
390,옥수점,서울 성동구 독서당로 202,스타벅스,"(37.5429958801414, 127.013351442954)"
391,광장점,서울 광진구 아차산로 537-17,스타벅스,"(37.5429620594914, 127.099658987674)"
392,남영동,서울 용산구 한강대로 275,스타벅스,"(37.5428705694081, 126.972255573258)"
393,공덕오거리점,서울 마포구 마포대로 86,스타벅스,"(37.542645085031, 126.950579877064)"
394,마포이마트점,서울 마포구 백범로 212,스타벅스,"(37.5424315097987, 126.953365521963)"
395,화곡역8번출구점,서울 강서구 강서로 179,스타벅스,"(37.5423627575293, 126.839322200876)"
396,서울숲역,서울 성동구 왕십리로 50,스타벅스,"(37.5418866227463, 127.04491059446)"
397,건국대점,서울 광진구 능동로 117,스타벅스,"(37.5415995620032, 127.071136774445)"
398,마포아크로점,서울 마포구 마포대로 68,스타벅스,"(37.5413421541668, 126.948897374412)"
399,마포용강동점,서울 마포구 토정로 295,스타벅스,"(37.5412036547825, 126.94221857005)"
400,올림픽대교북단점,서울 광진구 광나루로 608,스타벅스,"(37.5411561167848, 127.095267655296)"
401,건대입구점,서울 광진구 능동로 107,스타벅스,"(37.5406991632015, 127.070736495822)"
402,화곡동점,서울 강서구 화곡로 142,스타벅스,"(37.5405665780291, 126.837581836675)"
403,마포일진빌딩점,서울 마포구 마포대로 45,스타벅스,"(37.5404734621902, 126.946373235502)"
404,천호사거리,서울 강동구 올림픽로 651,스타벅스,"(37.5397559555383, 127.123313958545)"
405,효창공원앞역점,서울 용산구 백범로 313,스타벅스,"(37.5393023092398, 126.962948470932)"
406,천호이마트점,서울 강동구 천호대로 1015-14,스타벅스,"(37.5389750380622, 127.125217751927)"
407,길동역점,서울 강동구 양재대로 1487,스타벅스,"(37.538712390825, 127.140063006884)"
408,경리단길점,서울 용산구 회나무로 3,스타벅스,"(37.5385862896552, 126.987405284242)"
409,자양이마트,서울 광진구 아차산로 272,스타벅스,"(37.5385582736952, 127.072996184863)"
410,건국클래식점,서울 광진구 능동로 90,스타벅스,"(37.5383625791299, 127.070921773952)"
411,선유도역1번출구점,서울 영등포구 양평로 128,스타벅스,"(37.5382902301472, 126.893664746293)"
412,신월동DT,서울 양천구 남부순환로 319,스타벅스,"(37.5382766609786, 126.827091375369)"
413,천호역점,서울 강동구 천호대로 1012,스타벅스,"(37.5380977789536, 127.124151797401)"
414,용산리첸시아점,서울 용산구 백범로 341,스타벅스,"(37.5379386735674, 126.967973433167)"
415,천호로데오점,서울 강동구 천호대로 1037,스타벅스,"(37.5378379676663, 127.12733248525)"
416,자양사거리점,서울 광진구 아차산로 355,스타벅스,"(37.5373676062503, 127.082565478795)"
417,선유도역점,서울 영등포구 양평로 115,스타벅스,"(37.5373094341396, 126.894605589361)"
418,한강진역R점,서울 용산구 이태원로 252,스타벅스,"(37.5371098560042, 127.001121839019)"
419,구의역,서울 광진구 아차산로 373,스타벅스,"(37.5370119376395, 127.084032696421)"
420,목동5단지점,서울 양천구 목동동로 411,스타벅스,"(37.5367262201569, 126.882213637856)"
421,강동역점,서울 강동구 천호대로 1089,스타벅스,"(37.5366048791746, 127.133115595362)"
422,목동점,서울 양천구 목동서로 67,스타벅스,"(37.5363966169946, 126.878549519127)"
423,목동파리공원점,서울 양천구 목동동로 377,스타벅스,"(37.5353386148924, 126.878853892182)"
424,당산점,서울 영등포구 양평로 64,스타벅스,"(37.5351397125293, 126.899965832636)"
425,화곡DT점,서울 강서구 등촌로 57,스타벅스,"(37.5350125900994, 126.863143013828)"
426,한남동R,서울 용산구 독서당로 94,스타벅스,"(37.5348016217165, 127.01093982785)"
427,천호대로길동점,서울 강동구 천호대로 1131,스타벅스,"(37.534798519761, 127.13723890201)"
428,이태원역점,서울 용산구 이태원로 188,스타벅스,"(37.5343119597361, 126.994803414914)"
429,당산역사거리점,서울 영등포구 양평로 47,스타벅스,"(37.5338722303791, 126.90098183202)"
430,선유동이레빌딩점,서울 영등포구 선유동2로 57,스타벅스,"(37.5338259242698, 126.896882129276)"
431,순천향입구점,서울 용산구 대사관로 67,스타벅스,"(37.5334229215252, 127.005644897495)"
432,당산대로점,서울 영등포구 양평로 22,스타벅스,"(37.5331572915693, 126.903933458671)"
433,용산전자랜드점,서울 용산구 청파로 74,스타벅스,"(37.5327888550584, 126.959558538475)"
434,뚝섬유원지역점,서울 광진구 능동로 18,스타벅스,"(37.532684640479, 127.067878503557)"
435,까치산역점,서울 강서구 강서로13길 3,스타벅스,"(37.5322957492562, 126.846047920456)"
436,국회대로점,서울 영등포구 국회대로 786,스타벅스,"(37.5302888565757, 126.919600041211)"
437,여의도의사당점,서울 영등포구 국회대로74길 12,스타벅스,"(37.5300896400594, 126.92106161992)"
438,목동파라곤점,서울 양천구 목동서로 155,스타벅스,"(37.5299956155624, 126.875071951863)"
439,용산아이파크몰점,서울 용산구 한강대로23길 55,스타벅스,"(37.5297718014452, 126.964741503485)"
440,신월IC DT점,서울 양천구 남부순환로 430,스타벅스,"(37.5294934216077, 126.832134462573)"
441,여의도공원R점,서울 영등포구 여의공원로 101,스타벅스,"(37.5292719570904, 126.924892738645)"
442,강동구청DT점,서울 강동구 성내로 32,스타벅스,"(37.5291904009702, 127.123806229957)"
443,목동행복한점,서울 양천구 목동동로 309,스타벅스,"(37.5291435349019, 126.876008647904)"
444,동빙고점,서울 용산구 장문로 12,스타벅스,"(37.5289762402615, 126.991804054242)"
445,신용산역점,서울 용산구 한강대로 95,스타벅스,"(37.5288173852679, 126.966653789116)"
446,신압구정점,서울 강남구 언주로174길 29,스타벅스,"(37.5281188263201, 127.036437572652)"
447,목동7단지점,서울 양천구 목동서로 213,스타벅스,"(37.5280169945095, 126.870615708032)"
448,여의도일신점,서울 영등포구 은행로 11,스타벅스,"(37.5279108261109, 126.920238846351)"
449,국회의사당역,서울 영등포구 의사당대로 8,스타벅스,"(37.5278708587376, 126.916895169744)"
450,영등포구청역점,서울 영등포구 국회대로 558,스타벅스,"(37.5277473772256, 126.896124031689)"
451,압구정R점,서울 강남구 언주로 861,스타벅스,"(37.5273990937168, 127.033113547922)"
452,현대목동점,서울 양천구 목동동로 257,스타벅스,"(37.5273217750941, 126.874619136454)"
453,용산역써밋R점,서울 용산구 한강대로 69,스타벅스,"(37.5270404595814, 126.964892234354)"
454,용산해링턴스퀘어점,서울 용산구 서빙고로 17,스타벅스,"(37.5269056148241, 126.966566172294)"
455,압구정로점,서울 강남구 압구정로42길 32,스타벅스,"(37.526839647124, 127.034732418925)"
456,영등포KT점,서울 영등포구 영중로 119,스타벅스,"(37.5267660967496, 126.905231110596)"
457,압구정역점,서울 강남구 압구정로 170,스타벅스,"(37.5267583374608, 127.02810647031)"
458,목동역점,서울 양천구 목동로 203,스타벅스,"(37.5267062206829, 126.86380676331)"
459,압구정로데오역점,서울 강남구 선릉로 836,스타벅스,"(37.5265428105713, 127.040533570867)"
460,여의도KBS R점,서울 영등포구 의사당대로 26,스타벅스,"(37.526537141271, 126.918106683928)"
461,압구정,서울 강남구 압구정로30길 17,스타벅스,"(37.5263301884169, 127.029553686621)"
462,목동트라팰리스점,서울 양천구 오목로 299,스타벅스,"(37.5260837006075, 126.87035534357)"
463,목동오목로점,서울 양천구 오목로 279,스타벅스,"(37.5259285397106, 126.868392603335)"
464,청담스타R점,서울 강남구 도산대로57길 24,스타벅스,"(37.5252578873567, 127.041837238386)"
465,더현대서울(B2)R점,서울 영등포구 여의대로 108,스타벅스,"(37.5251913154781, 126.929112756574)"
466,여의도IFC몰(L1)R점,서울 영등포구 국제금융로 10,스타벅스,"(37.5251775245928, 126.924876706923)"
467,용산파크타워점,서울 용산구 서빙고로 67,스타벅스,"(37.5248628078572, 126.970412727842)"
468,여의도신한투자증권점,서울 영등포구 여의대로 70,스타벅스,"(37.5248391165921, 126.924184821656)"
469,청담점,서울 강남구 도산대로 532,스타벅스,"(37.5243444672802, 127.051591952726)"
470,올림픽공원북2문점,서울 강동구 강동대로 199,스타벅스,"(37.5242231780274, 127.128696494524)"
471,여의도점,서울 영등포구 국제금융로2길 28,스타벅스,"(37.5240806711634, 126.924494536092)"
472,오목교역점,서울 양천구 오목로 354,스타벅스,"(37.5239812598499, 126.876796062529)"
473,압구정미소점,서울 강남구 논현로 841,스타벅스,"(37.5239684663137, 127.027758806248)"
474,청담사거리점,서울 강남구 도산대로 458,스타벅스,"(37.5237679012526, 127.04687173454)"
475,영등포시장역점,서울 영등포구 영중로 79,스타벅스,"(37.5234746572587, 126.904908229697)"
476,여의도역R점,서울 영등포구 의사당대로 83,스타벅스,"(37.5233667660094, 126.923451000009)"
477,가로수길점,서울 강남구 논현로175길 94,스타벅스,"(37.5231968654091, 127.021643116378)"
478,둔촌동점,서울 강동구 양재대로 1303,스타벅스,"(37.5227713188467, 127.133949850418)"
479,여의도한양증권점,서울 영등포구 국제금융로6길 7,스타벅스,"(37.5224047824056, 126.929107361256)"
480,학동사거리점,서울 강남구 도산대로 328,스타벅스,"(37.5224022062676, 127.037967162209)"
481,청담영동대로점,서울 강남구 영동대로 720,스타벅스,"(37.5221876728793, 127.056460869043)"
482,신정DT점,서울 양천구 신월로 341,스타벅스,"(37.522014544701, 126.858836193806)"
483,신사가로수점,서울 강남구 가로수길 59,스타벅스,"(37.5218897968686, 127.022521249316)"
484,여의도화재보험점,서울 영등포구 국제금융로6길 38,스타벅스,"(37.5213851009398, 126.925995325384)"
485,동부이촌동점,서울 용산구 이촌로 198,스타벅스,"(37.5210778010368, 126.969064344569)"
486,목동8단지점,서울 양천구 목동서로 299,스타벅스,"(37.5205726607303, 126.868830851142)"
487,영등포시장교차로점,서울 영등포구 영중로 45,스타벅스,"(37.5204605301046, 126.904457084497)"
488,여의도호성점,서울 영등포구 여의대방로65길 24,스타벅스,"(37.5204421498979, 126.929293717613)"
489,롯데캐슬여의도점,서울 영등포구 의사당대로 127,스타벅스,"(37.5202405439146, 126.926406742546)"
490,문래동점,서울 영등포구 선유로 64,스타벅스,"(37.5196290903877, 126.889679122256)"
491,여의도ABL타워점,서울 영등포구 의사당대로 147,스타벅스,"(37.5188219877864, 126.927839304626)"
492,서울웨이브아트센터점,서울 서초구 잠원로 145-35,스타벅스,"(37.5188152641697, 127.006960716786)"
493,영등포본동점,서울 영등포구 영등포로 254,스타벅스,"(37.5186835646791, 126.909598177499)"
494,이촌점,서울 용산구 이촌로 276,스타벅스,"(37.5186438963508, 126.977284598132)"
495,강남구청정문점,서울 강남구 학동로 419,스타벅스,"(37.5183061036652, 127.045976501779)"
496,샛강역점,서울 영등포구 여의대방로 376,스타벅스,"(37.5181886056247, 126.931354574177)"
497,잠실푸르지오월드점,서울 송파구 올림픽로35가길 9,스타벅스,"(37.5174846188512, 127.103444795508)"
498,문래역점,서울 영등포구 당산로 34,스타벅스,"(37.5174631210953, 126.896493699106)"
499,도산가로수길점,서울 강남구 도산대로 134,스타벅스,"(37.5173531693456, 127.023380583993)"
500,타임스퀘어R점,서울 영등포구 영중로 15,스타벅스,"(37.5172332566615, 126.903715993779)"
501,신세계타임스퀘어B2점,서울 영등포구 영중로 9,스타벅스,"(37.5171899712591, 126.905567071705)"
502,영등포역점,서울 영등포구 경인로 870,스타벅스,"(37.5169829500086, 126.90928305399)"
503,몽촌토성역점,서울 송파구 위례성대로 6,스타벅스,"(37.5168418632122, 127.113151435777)"
504,강남구청역점,서울 강남구 선릉로 669,스타벅스,"(37.5166119773031, 127.041258693516)"
505,신사역점,서울 강남구 도산대로 108,스타벅스,"(37.5161918332017, 127.020655869811)"
506,잠실대교남단R점,서울 송파구 송파대로 570,스타벅스,"(37.5157873297768, 127.099112358834)"
507,올림픽평화의문점,서울 송파구 위례성대로 38,스타벅스,"(37.5156925346572, 127.116497173629)"
508,목동10단지점,서울 양천구 목동서로 401,스타벅스,"(37.5154102156469, 126.859608639376)"
509,올림픽아파트점,서울 송파구 양재대로 1220,스타벅스,"(37.5153388210257, 127.133266146111)"
510,잠실역점,서울 송파구 송파대로 562,스타벅스,"(37.5153235254771, 127.099502662936)"
511,코엑스사거리점,서울 강남구 영동대로 616,스타벅스,"(37.5152493607324, 127.060205437758)"
512,봉은사역점,서울 강남구 봉은사로 619,스타벅스,"(37.5150273653092, 127.063116769411)"
513,강남대로신사점,서울 서초구 강남대로 595,스타벅스,"(37.5148563751516, 127.019539877754)"
514,하이테크시티점,서울 영등포구 경인로 775,스타벅스,"(37.5147464245043, 126.897536835727)"
515,잠실시그마타워점,서울 송파구 올림픽로 289,스타벅스,"(37.5146152773177, 127.102522142353)"
516,학동역점,서울 강남구 논현로 704,스타벅스,"(37.5146068395402, 127.030764674069)"
517,송파KT점,서울 송파구 잠실로 209,스타벅스,"(37.5138710747422, 127.106364392884)"
518,노량진역점,서울 동작구 노량진로 134,스타벅스,"(37.5133653695495, 126.940880232779)"
519,올림픽공원남문점,서울 송파구 위례성대로 102,스타벅스,"(37.5133172416737, 127.123136863574)"
520,노량진동점,서울 동작구 노량진로 190,스타벅스,"(37.5129574445121, 126.946862445323)"
521,코엑스몰점,서울 강남구 영동대로 513,스타벅스,"(37.5118239121138, 127.059159043842)"
522,논현역점,서울 서초구 강남대로 557,스타벅스,"(37.5115409433608, 127.020640675895)"
523,잠실새내역점,서울 송파구 올림픽로 96,스타벅스,"(37.5114638312604, 127.081212794079)"
524,송파나루역DT점,서울 송파구 오금로 142,스타벅스,"(37.5108292192908, 127.110268903268)"
525,선정릉역,서울 강남구 봉은사로 407,스타벅스,"(37.5107810974307, 127.044572539842)"
526,삼성동점,서울 강남구 영동대로96길 12,스타벅스,"(37.5107387873332, 127.063581755415)"
527,갤러리아팰리스점,서울 송파구 올림픽로 212,스타벅스,"(37.5107067799275, 127.094231575378)"
528,아시아선수촌점,서울 송파구 백제고분로 69,스타벅스,"(37.5105318635531, 127.079041855687)"
529,뉴코아강남점,서울 서초구 잠원로 69,스타벅스,"(37.5102605018374, 127.006970780391)"
530,논현역사거리점,서울 강남구 강남대로 538,스타벅스,"(37.5102202255601, 127.022269137849)"
531,삼성도심공항점,서울 강남구 테헤란로87길 33,스타벅스,"(37.5098248337983, 127.057926776835)"
532,석촌호수점,서울 송파구 석촌호수로 262,스타벅스,"(37.5094418481496, 127.105237022741)"
533,삼성역점,서울 강남구 테헤란로 620,스타벅스,"(37.5091979690111, 127.065578760717)"
534,아크로힐스논현점,서울 강남구 봉은사로 304,스타벅스,"(37.5089968994634, 127.040393673483)"
535,잠실본동점,서울 송파구 백제고분로 91,스타벅스,"(37.5086445885442, 127.07949103207)"
536,반포역점,서울 서초구 신반포로 257,스타벅스,"(37.5086202759588, 127.011935946175)"
537,방이역점,서울 송파구 마천로 53,스타벅스,"(37.5085512621356, 127.126658283213)"
538,현대디큐브B2점,서울 구로구 경인로 662,스타벅스,"(37.5081230677129, 126.888212953215)"
539,삼성교점,서울 강남구 영동대로86길 12,스타벅스,"(37.507823522519, 127.065187924005)"
540,삼성역섬유센터R점,서울 강남구 테헤란로 518,스타벅스,"(37.5075910839105, 127.060579419429)"
541,강남대로논현R점,서울 서초구 강남대로85길 5,스타벅스,"(37.507366411327, 127.022594811887)"
542,중앙대점,서울 동작구 흑석로 75-1,스타벅스,"(37.5069728187307, 126.958130329436)"
543,송파방이DT점,서울 송파구 오금로 241,스타벅스,"(37.5065367665138, 127.120485645995)"
544,서울고속터미널점,서울 서초구 신반포로 194,스타벅스,"(37.5064357442307, 127.006834366246)"
545,석촌서호점,서울 송파구 석촌호수로 176,스타벅스,"(37.5063728142812, 127.096628015109)"
546,신도림점,서울 구로구 경인로 610,스타벅스,"(37.5054764049558, 126.883954921318)"
547,선릉동신빌딩R점,서울 강남구 테헤란로 409,스타벅스,"(37.5053601174069, 127.050386949115)"
548,신논현역점,서울 서초구 강남대로 483,스타벅스,"(37.5053254283579, 127.023648945463)"
549,영등포신길점,서울 영등포구 신길로 137,스타벅스,"(37.5045756440101, 126.910071422562)"
550,파미에파크R점,서울 서초구 사평대로 205,스타벅스,"(37.5044921229104, 127.007845270854)"
551,석촌역점,서울 송파구 백제고분로 358,스타벅스,"(37.5042941822869, 127.106094189934)"
552,선릉역점,서울 강남구 테헤란로 334,스타벅스,"(37.5039452362982, 127.048527611976)"
553,센트럴F1점,서울 서초구 신반포로 176,스타벅스,"(37.5039351769908, 127.002413006799)"
554,선릉세화빌딩점,서울 강남구 테헤란로64길 18,스타벅스,"(37.5037725578123, 127.05119768025)"
555,강남교보타워R점,서울 서초구 강남대로 465,스타벅스,"(37.5037560541254, 127.024109539913)"
556,상도역점,서울 동작구 상도로37길 1,스타벅스,"(37.503243422806, 126.948446659578)"
557,강남대로점,서울 강남구 강남대로 456,스타벅스,"(37.503136666054, 127.025570180456)"
558,센터필드R,서울 강남구 테헤란로 231,스타벅스,"(37.5028813541774, 127.041356540268)"
559,강남에비뉴점,서울 서초구 서초대로77길 62,스타벅스,"(37.5027308418076, 127.023903040367)"
560,르네상스사거리점,서울 강남구 테헤란로 306,스타벅스,"(37.5025952829367, 127.044101954044)"
561,송파사거리점,서울 송파구 송파대로 386,스타벅스,"(37.5022731990672, 127.110354257671)"
562,강남오거리점,서울 강남구 봉은사로2길 39,스타벅스,"(37.5021081976155, 127.026659139548)"
563,서초중앙로점,서울 서초구 서초중앙로 225,스타벅스,"(37.5016638320186, 127.011553265877)"
564,구로NC점,서울 구로구 구로중앙로 152,스타벅스,"(37.5011601442131, 126.882773011925)"
565,강남2점,서울 서초구 서초대로77길 27,스타벅스,"(37.5001249784617, 127.025502769716)"
566,신대방삼거리역점,서울 동작구 상도로 102,스타벅스,"(37.4999426964441, 126.931776254273)"
567,송파마천사거리DT점,서울 송파구 거마로 78,스타벅스,"(37.4997580410365, 127.147649403628)"
568,국기원사거리점,서울 강남구 테헤란로 125,스타벅스,"(37.499603693833, 127.031676800566)"
569,서래마을입구점,서울 서초구 서래로 48,스타벅스,"(37.4992678021747, 126.998558347583)"
570,고척아이파크점,서울 구로구 경인로43길 49,스타벅스,"(37.4990691887707, 126.857532971967)"
571,몬테소리점,서울 서초구 강남대로 399,스타벅스,"(37.4982667167977, 127.026842105662)"
572,강남GT타워점,서울 서초구 서초대로 411,스타벅스,"(37.4981083450113, 127.025922653572)"
573,학여울역점,서울 강남구 영동대로 215,스타벅스,"(37.4979966229511, 127.068518488251)"
574,강남R점,서울 강남구 강남대로 390,스타벅스,"(37.4978399531903, 127.028578846319)"
575,송파헬리오시티점,서울 송파구 송파대로 345,스타벅스,"(37.4976145695004, 127.102531804188)"
576,송파개롱역점,서울 송파구 오금로 420,스타벅스,"(37.4969894018022, 127.136277101616)"
577,숭실대입구역점,서울 동작구 상도로 354,스타벅스,"(37.4968732072958, 126.952724064808)"
578,한티역점,서울 강남구 도곡로 408,스타벅스,"(37.4966225187716, 127.055233195315)"
579,강남비젼타워점,서울 강남구 테헤란로2길 27,스타벅스,"(37.4964929427239, 127.029697867857)"
580,교대법원점,서울 서초구 서초중앙로 164,스타벅스,"(37.4963657224988, 127.013378871592)"
581,오류동역점,서울 구로구 경인로 216,스타벅스,"(37.4962152453948, 126.84486554294)"
582,강남삼성타운점,서울 서초구 서초대로78길 24,스타벅스,"(37.4955445656158, 127.027752353367)"
583,숭실대점,서울 동작구 사당로 4,스타벅스,"(37.4954053993678, 126.95485331925)"
584,서초파라곤점,서울 서초구 서초대로74길 29,스타벅스,"(37.49494258899, 127.027426341397)"
585,가락본동점,서울 송파구 송파대로30길 13,스타벅스,"(37.4948847043839, 127.118784040716)"
586,대치재경빌딩R점,서울 강남구 남부순환로 2947,스타벅스,"(37.4945603877761, 127.062632515245)"
587,가락시장역점,서울 송파구 중대로 121,스타벅스,"(37.4943474660846, 127.12141164538)"
588,교대역점,서울 서초구 서초중앙로 138,스타벅스,"(37.4942438734072, 127.013967192463)"
589,역삼초교사거리점,서울 강남구 역삼로 123,스타벅스,"(37.4941544920079, 127.033008626274)"
590,송파거여역점,서울 송파구 오금로 493,스타벅스,"(37.4936607574239, 127.143701086175)"
591,방배카페거리점,서울 서초구 방배중앙로 162,스타벅스,"(37.4935343927393, 126.986570860605)"
592,서초우성사거리점,서울 서초구 강남대로 343,스타벅스,"(37.4935195538047, 127.029241204878)"
593,도곡공원점,서울 강남구 도곡로 205,스타벅스,"(37.4929198247521, 127.041364616509)"
594,서초법원점,서울 서초구 서초대로 274,스타벅스,"(37.4928194268706, 127.011904030779)"
595,강남우성점,서울 강남구 강남대로 328,스타벅스,"(37.4924272855457, 127.030921234166)"
596,교대점,서울 서초구 서초중앙로 118,스타벅스,"(37.4923920920899, 127.014230658952)"
597,보라매공원R점,서울 동작구 보라매로5길 35,스타벅스,"(37.4920901355933, 126.923508147169)"
598,방배점,서울 서초구 방배로 211,스타벅스,"(37.4919937926243, 126.990641023566)"
599,문정로데오점,서울 송파구 동남로 141,스타벅스,"(37.4919026462716, 127.126252486711)"
600,올림픽훼미리점,서울 송파구 중대로 68,스타벅스,"(37.4915653895479, 127.116437188825)"
601,보라매대교점,서울 관악구 보라매로3길 23,스타벅스,"(37.491042929326, 126.925536443215)"
602,서초역점,서울 서초구 반포대로 118,스타벅스,"(37.4906652237991, 127.008612738216)"
603,내방역점,서울 서초구 방배로 184,스타벅스,"(37.4900201767118, 126.992476017843)"
604,SSG마켓도곡R점,서울 강남구 언주로30길 57,스타벅스,"(37.4894573055974, 127.053964659634)"
605,서초역이화빌딩점,서울 서초구 반포대로21길 3,스타벅스,"(37.4883013085845, 127.009032303082)"
606,수서역R점,서울 강남구 광평로 281,스타벅스,"(37.4881167693611, 127.103068802127)"
607,구로오류DT점,서울 구로구 서해안로 2233,스타벅스,"(37.4881125387525, 126.834474400576)"
608,문정법원로R,서울 송파구 송파대로 201,스타벅스,"(37.4877387829749, 127.120685887596)"
609,서울교대점,서울 서초구 서초중앙로 64,스타벅스,"(37.4874401271955, 127.015170128436)"
610,수서역사거리점,서울 강남구 광평로 280,스타벅스,"(37.4873191631489, 127.103108072457)"
611,이수역점,서울 서초구 동작대로 112,스타벅스,"(37.4865041383713, 126.982705263045)"
612,신림점,서울 관악구 신림로 355-1,스타벅스,"(37.4860989027515, 126.929171758492)"
613,문정법조타운 한양타워점,서울 송파구 법원로11길 12,스타벅스,"(37.4860582505835, 127.117802423963)"
614,이수역사거리점,서울 서초구 서초대로 3-4,스타벅스,"(37.4860317945544, 126.983083699338)"
615,서초동점,서울 서초구 남부순환로339길 64,스타벅스,"(37.4859259765406, 127.021583627348)"
616,타벅스 드림마크원점,서울 구로구 디지털로31길 61,스타벅스,"(37.4859108732943, 126.891541999768)"
617,구로디지털로점,서울 구로구 디지털로33길 11,스타벅스,"(37.4857057781612, 126.895512679788)"
618,양재강남빌딩R점,서울 강남구 남부순환로 2621,스타벅스,"(37.4852652574455, 127.036620497399)"
619,남부터미널점,서울 서초구 서초중앙로 26,스타벅스,"(37.4846872089607, 127.016991752076)"
620,문정역점,서울 송파구 송파대로 167,스타벅스,"(37.4846614982049, 127.120933640924)"
621,구로에이스점,서울 구로구 디지털로 285,스타벅스,"(37.4844869911182, 126.894506052909)"
622,서초구청점,서울 서초구 남부순환로 2557,스타벅스,"(37.4844383587628, 127.030069606033)"
623,남부터미널2점,서울 서초구 효령로 274,스타벅스,"(37.4843935767795, 127.014213538613)"
624,이수자이점,서울 동작구 사당로 300,스타벅스,"(37.4843790909712, 126.980281616349)"
625,방배다이치빌딩점,서울 서초구 방배로 114,스타벅스,"(37.4843393154443, 126.996090968767)"
626,남성역점,서울 동작구 사당로 219,스타벅스,"(37.4841600698068, 126.972660477747)"
627,신림타임스트림점,서울 관악구 신림로 330,스타벅스,"(37.4838513393186, 126.930234545397)"
628,구로디지털타워점,서울 구로구 디지털로32길 30,스타벅스,"(37.4833895421043, 126.896519918476)"
629,구로호텔점,서울 구로구 디지털로32길 72,스타벅스,"(37.4831837029804, 126.898856674536)"
630,양재역점,서울 서초구 강남대로 202,스타벅스,"(37.4823264528673, 127.036861922329)"
631,봉천역,서울 관악구 남부순환로 1730,스타벅스,"(37.4820661680091, 126.942250799054)"
632,영동2교점,서울 서초구 논현로 139,스타벅스,"(37.4819943953299, 127.042595496311)"
633,방배역점,서울 서초구 방배로 84,스타벅스,"(37.4819902467156, 126.997642873579)"
634,서울대역,서울 관악구 남부순환로 1817,스타벅스,"(37.4816411686596, 126.952144384523)"
635,타벅스 구로하이엔드점,서울 구로구 디지털로26길 5,스타벅스,"(37.4816105919768, 126.893479312123)"
636,가산디지털단지역점,서울 금천구 벚꽃로 298,스타벅스,"(37.4814401689835, 126.883871693415)"
637,서울대입구역8번출구점,서울 관악구 남부순환로 1831,스타벅스,"(37.4811939765915, 126.953673257994)"
638,서울대입구역점,서울 관악구 남부순환로 1812,스타벅스,"(37.4811154582785, 126.951331357933)"
639,신림DT점,서울 관악구 남부순환로 1419,스타벅스,"(37.4809747497557, 126.908418046683)"
640,가산에스케이점,서울 금천구 가산디지털1로 171,스타벅스,"(37.4807624025755, 126.880678781517)"
641,서울아트센터점,서울 서초구 남부순환로 2395,스타벅스,"(37.4806718072509, 127.012367234264)"
642,가산디지털점,서울 금천구 가산디지털1로 168,스타벅스,"(37.479966429878, 126.88263620024)"
643,송파아이파크점,서울 송파구 법원로 55,스타벅스,"(37.4798638602437, 127.121761190134)"
644,문정하비오점,서울 송파구 송파대로 111,스타벅스,"(37.4796683841344, 127.124913859704)"
645,가산그레이트점,서울 금천구 디지털로9길 32,스타벅스,"(37.4795130993704, 126.887511773421)"
646,관악서울대입구R점,서울 관악구 관악로 158,스타벅스,"(37.4793104352293, 126.952808280216)"
647,가든파이브,서울 송파구 충민로 10,스타벅스,"(37.4786173172251, 127.119106729654)"
648,송파위례점,서울 송파구 위례광장로 230,스타벅스,"(37.4786171055932, 127.143758763103)"
649,사당역점,서울 동작구 동작대로 21,스타벅스,"(37.4784816221514, 126.981362070757)"
650,마리오아울렛점,서울 금천구 벚꽃로 266,스타벅스,"(37.4784457675388, 126.885080837326)"
651,포이점,서울 강남구 논현로 88,스타벅스,"(37.4778176367596, 127.045132028081)"
652,낙성대역점,서울 관악구 남부순환로 1908,스타벅스,"(37.4777033870366, 126.961205621131)"
653,가산현대아울렛점,서울 금천구 디지털로10길 9,스타벅스,"(37.4776190161713, 126.88905533739)"
654,송파NC점,서울 송파구 충민로 66,스타벅스,"(37.4776148442516, 127.124961768886)"
655,사당로데오점,서울 서초구 방배천로 5-4,스타벅스,"(37.4773430497769, 126.982161655689)"
656,가산브이타워점,서울 금천구 가산디지털1로 128,스타벅스,"(37.4772365189989, 126.883695161966)"
657,낙성대DT점,서울 관악구 남부순환로 1948,스타벅스,"(37.4761875809579, 126.965131629973)"
658,사당점,서울 관악구 남부순환로 2082-25,스타벅스,"(37.4760566794321, 126.981012772295)"
659,독산사거리점,서울 금천구 시흥대로 426,스타벅스,"(37.4715689911066, 126.89877216735)"
660,금천독산점,서울 금천구 두산로 70,스타벅스,"(37.4689627800606, 126.895620657193)"
661,강남세곡점,서울 강남구 헌릉로569길 18,스타벅스,"(37.4672742584166, 127.099929765276)"
662,하이브랜드점,서울 서초구 매헌로 16,스타벅스,"(37.462467348157, 127.036947909974)"
663,금천구청역점,서울 금천구 시흥대로73길 67,스타벅스,"(37.4559425553098, 126.895747370219)"
664,금천시흥점,서울 금천구 시흥대로 164,스타벅스,"(37.4488833558917, 126.903231141312)"
665,청계산입구역,서울 서초구 청계산로 203,스타벅스,"(37.4473249504426, 127.056296409418)"